被引年份,科目,总篇数,出版年份,出版年份数据,1是错误数据
2018,   基础科学 ,77065篇,2018,135,0
2018,   工程科技Ⅰ辑 ,162051篇,2018,447,0
2018,   工程科技Ⅱ辑 ,216395篇,2018,705,0
2018,   农业科技 ,70178篇,2018,151,0
2018,   医药卫生科技 ,95157篇,2018,233,0
2018,   哲学与人文科学 ,123240篇,2018,306,0
2018,   信息科技 ,174519篇,2018,657,0
2018,   经济与管理科学 ,171798篇,2018,877,0
2018,   社会科学Ⅰ辑 ,69907篇,2018,251,0
2018,   社会科学Ⅱ辑 ,132763篇,2018,810,0
2018,   基础科学 ,77065篇,2017,5321,0
2018,   工程科技Ⅰ辑 ,162051篇,2017,11895,0
2018,   工程科技Ⅱ辑 ,216395篇,2017,16282,0
2018,   农业科技 ,70178篇,2017,4575,0
2018,   医药卫生科技 ,95157篇,2017,8969,0
2018,   哲学与人文科学 ,123240篇,2017,7074,0
2018,   信息科技 ,174519篇,2017,13257,0
2018,   经济与管理科学 ,171798篇,2017,14521,0
2018,   社会科学Ⅰ辑 ,69907篇,2017,6149,0
2018,   社会科学Ⅱ辑 ,132763篇,2017,11368,0
2018,   基础科学 ,77065篇,2016,7625,0
2018,   工程科技Ⅰ辑 ,162051篇,2016,18849,0
2018,   工程科技Ⅱ辑 ,216395篇,2016,25258,0
2018,   农业科技 ,70178篇,2016,8087,0
2018,   医药卫生科技 ,95157篇,2016,14395,0
2018,   哲学与人文科学 ,123240篇,2016,12419,0
2018,   信息科技 ,174519篇,2016,19528,0
2018,   经济与管理科学 ,171798篇,2016,21761,0
2018,   社会科学Ⅰ辑 ,69907篇,2016,9344,0
2018,   社会科学Ⅱ辑 ,132763篇,2016,16223,0
2018,   基础科学 ,77065篇,2015,7859,0
2018,   工程科技Ⅰ辑 ,162051篇,2015,18449,0
2018,   工程科技Ⅱ辑 ,216395篇,2015,24676,0
2018,   农业科技 ,70178篇,2015,7395,0
2018,   医药卫生科技 ,95157篇,2015,12219,0
2018,   哲学与人文科学 ,123240篇,2015,12604,0
2018,   信息科技 ,174519篇,2015,20444,0
2018,   经济与管理科学 ,171798篇,2015,20037,0
2018,   社会科学Ⅰ辑 ,69907篇,2015,8545,0
2018,   社会科学Ⅱ辑 ,132763篇,2015,16026,0
2018,   基础科学 ,77065篇,2014,8055,0
2018,   工程科技Ⅰ辑 ,162051篇,2010,10273,0
2018,   工程科技Ⅱ辑 ,216395篇,2010,13066,0
2018,   农业科技 ,70178篇,2010,4534,0
2018,   医药卫生科技 ,95157篇,2010,5532,0
2018,   哲学与人文科学 ,123240篇,2010,8071,0
2018,   信息科技 ,174519篇,2010,11339,0
2018,   经济与管理科学 ,171798篇,2010,10931,0
2018,   社会科学Ⅰ辑 ,69907篇,2010,4076,0
2018,   社会科学Ⅱ辑 ,132763篇,2010,7168,0
2018,   基础科学 ,77065篇,2013,7871,0
2018,   工程科技Ⅰ辑 ,162051篇,2011,11928,0
2018,   工程科技Ⅱ辑 ,216395篇,2011,14589,0
2018,   农业科技 ,70178篇,2011,4843,0
2018,   医药卫生科技 ,95157篇,2011,6284,0
2018,   哲学与人文科学 ,123240篇,2011,9891,0
2018,   信息科技 ,174519篇,2011,12342,0
2018,   经济与管理科学 ,171798篇,2011,12036,0
2018,   社会科学Ⅰ辑 ,69907篇,2011,5231,0
2018,   社会科学Ⅱ辑 ,132763篇,2011,9867,0
2018,   基础科学 ,77065篇,2012,6542,0
2018,   工程科技Ⅰ辑 ,162051篇,2009,8440,0
2018,   工程科技Ⅱ辑 ,216395篇,2009,11372,0
2018,   农业科技 ,70178篇,2009,4046,0
2018,   医药卫生科技 ,95157篇,2009,4344,0
2018,   哲学与人文科学 ,123240篇,2009,6797,0
2018,   信息科技 ,174519篇,2009,10092,0
2018,   经济与管理科学 ,171798篇,2009,8701,0
2018,   社会科学Ⅰ辑 ,69907篇,2009,2845,0
2018,   社会科学Ⅱ辑 ,132763篇,2009,6355,0
2018,   基础科学 ,77065篇,2011,5519,0
2018,   工程科技Ⅰ辑 ,162051篇,2012,15725,0
2018,   工程科技Ⅱ辑 ,216395篇,2012,19694,0
2018,   农业科技 ,70178篇,2012,6238,0
2018,   医药卫生科技 ,95157篇,2012,8791,0
2018,   哲学与人文科学 ,123240篇,2012,12405,0
2018,   信息科技 ,174519篇,2012,16187,0
2018,   经济与管理科学 ,171798篇,2012,16004,0
2018,   社会科学Ⅰ辑 ,69907篇,2012,6683,0
2018,   社会科学Ⅱ辑 ,132763篇,2012,11869,0
2018,   基础科学 ,77065篇,2010,5096,0
2018,   工程科技Ⅰ辑 ,162051篇,2013,16781,0
2018,   工程科技Ⅱ辑 ,216395篇,2013,22075,0
2018,   农业科技 ,70178篇,2013,7181,0
2018,   医药卫生科技 ,95157篇,2013,10291,0
2018,   哲学与人文科学 ,123240篇,2013,12932,0
2018,   信息科技 ,174519篇,2013,19466,0
2018,   经济与管理科学 ,171798篇,2013,16817,0
2018,   社会科学Ⅰ辑 ,69907篇,2013,7809,0
2018,   社会科学Ⅱ辑 ,132763篇,2013,14010,0
2018,   基础科学 ,77065篇,2009,4688,0
2018,   工程科技Ⅰ辑 ,162051篇,2014,18362,0
2018,   工程科技Ⅱ辑 ,216395篇,2014,23889,0
2018,   农业科技 ,70178篇,2014,7600,0
2018,   医药卫生科技 ,95157篇,2014,11884,0
2018,   哲学与人文科学 ,123240篇,2014,13282,0
2018,   信息科技 ,174519篇,2014,19991,0
2018,   经济与管理科学 ,171798篇,2014,19870,0
2018,   社会科学Ⅰ辑 ,69907篇,2014,8535,0
2018,   社会科学Ⅱ辑 ,132763篇,2014,15392,0
2018,   基础科学 ,77065篇,2008,4765,0
2018,   工程科技Ⅰ辑 ,162051篇,2007,7391,0
2018,   工程科技Ⅱ辑 ,216395篇,2007,11002,0
2018,   农业科技 ,70178篇,2007,3283,0
2018,   医药卫生科技 ,95157篇,2007,3157,0
2018,   哲学与人文科学 ,123240篇,2007,6675,0
2018,   信息科技 ,174519篇,2007,7851,0
2018,   经济与管理科学 ,171798篇,2007,7216,0
2018,   社会科学Ⅰ辑 ,69907篇,2007,2490,0
2018,   社会科学Ⅱ辑 ,132763篇,2007,5758,0
2018,   基础科学 ,77065篇,2007,4298,0
2018,   工程科技Ⅰ辑 ,162051篇,2008,7987,0
2018,   工程科技Ⅱ辑 ,216395篇,2008,11013,0
2018,   农业科技 ,70178篇,2008,3939,0
2018,   医药卫生科技 ,95157篇,2008,3624,0
2018,   哲学与人文科学 ,123240篇,2008,6816,0
2018,   信息科技 ,174519篇,2008,8764,0
2018,   经济与管理科学 ,171798篇,2008,8382,0
2018,   社会科学Ⅰ辑 ,69907篇,2008,2881,0
2018,   社会科学Ⅱ辑 ,132763篇,2008,6367,0
2018,   基础科学 ,77065篇,2006,3425,0
2018,   工程科技Ⅰ辑 ,162051篇,2006,5626,0
2018,   工程科技Ⅱ辑 ,216395篇,2006,8438,0
2018,   农业科技 ,70178篇,2006,2689,0
2018,   医药卫生科技 ,95157篇,2006,2088,0
2018,   哲学与人文科学 ,123240篇,2006,4876,0
2018,   信息科技 ,174519篇,2006,5861,0
2018,   经济与管理科学 ,171798篇,2006,5366,0
2018,   社会科学Ⅰ辑 ,69907篇,2006,1825,0
2018,   社会科学Ⅱ辑 ,132763篇,2006,4420,0
2018,   基础科学 ,77065篇,2005,2285,0
2018,   工程科技Ⅰ辑 ,162051篇,2002,997,0
2018,   工程科技Ⅱ辑 ,216395篇,2002,1251,0
2018,   农业科技 ,70178篇,2002,520,0
2018,   医药卫生科技 ,95157篇,2002,353,0
2018,   哲学与人文科学 ,123240篇,2002,961,0
2018,   信息科技 ,174519篇,2002,959,0
2018,   经济与管理科学 ,171798篇,2002,826,0
2018,   社会科学Ⅰ辑 ,69907篇,2002,288,0
2018,   社会科学Ⅱ辑 ,132763篇,2002,674,0
2018,   基础科学 ,77065篇,2004,1476,0
2018,   工程科技Ⅰ辑 ,162051篇,2003,1522,0
2018,   工程科技Ⅱ辑 ,216395篇,2003,2220,0
2018,   农业科技 ,70178篇,2003,976,0
2018,   医药卫生科技 ,95157篇,2003,544,0
2018,   哲学与人文科学 ,123240篇,2003,1585,0
2018,   信息科技 ,174519篇,2003,1288,0
2018,   经济与管理科学 ,171798篇,2003,1429,0
2018,   社会科学Ⅰ辑 ,69907篇,2003,515,0
2018,   社会科学Ⅱ辑 ,132763篇,2003,1293,0
2018,   基础科学 ,77065篇,2003,900,0
2018,   工程科技Ⅰ辑 ,162051篇,2000,167,0
2018,   工程科技Ⅱ辑 ,216395篇,2000,229,0
2018,   农业科技 ,70178篇,2000,160,0
2018,   医药卫生科技 ,95157篇,2000,45,0
2018,   哲学与人文科学 ,123240篇,2000,202,0
2018,   信息科技 ,174519篇,2000,135,0
2018,   经济与管理科学 ,171798篇,2000,172,0
2018,   社会科学Ⅰ辑 ,69907篇,2000,76,0
2018,   社会科学Ⅱ辑 ,132763篇,2000,100,0
2018,   基础科学 ,77065篇,2002,642,0
2018,   工程科技Ⅰ辑 ,162051篇,2001,434,0
2018,   工程科技Ⅱ辑 ,216395篇,2001,601,0
2018,   农业科技 ,70178篇,2001,331,0
2018,   医药卫生科技 ,95157篇,2001,164,0
2018,   哲学与人文科学 ,123240篇,2001,492,0
2018,   信息科技 ,174519篇,2001,390,0
2018,   经济与管理科学 ,171798篇,2001,407,0
2018,   社会科学Ⅰ辑 ,69907篇,2001,147,0
2018,   社会科学Ⅱ辑 ,132763篇,2001,366,0
2018,   基础科学 ,77065篇,2001,363,0
2018,   工程科技Ⅰ辑 ,162051篇,2004,2778,0
2018,   工程科技Ⅱ辑 ,216395篇,2004,4106,0
2018,   农业科技 ,70178篇,2004,1488,0
2018,   医药卫生科技 ,95157篇,2004,886,0
2018,   哲学与人文科学 ,123240篇,2004,2463,0
2018,   信息科技 ,174519篇,2004,2347,0
2018,   经济与管理科学 ,171798篇,2004,2621,0
2018,   社会科学Ⅰ辑 ,69907篇,2004,898,0
2018,   社会科学Ⅱ辑 ,132763篇,2004,1911,0
2018,   基础科学 ,77065篇,2000,114,0
2018,   工程科技Ⅰ辑 ,162051篇,2005,3923,0
2018,   工程科技Ⅱ辑 ,216395篇,2005,5854,0
2018,   农业科技 ,70178篇,2005,2108,0
2018,   医药卫生科技 ,95157篇,2005,1313,0
2018,   哲学与人文科学 ,123240篇,2005,3334,0
2018,   信息科技 ,174519篇,2005,3562,0
2018,   经济与管理科学 ,171798篇,2005,3803,0
2018,   社会科学Ⅰ辑 ,69907篇,2005,1309,0
2018,   社会科学Ⅱ辑 ,132763篇,2005,2774,0
2018,   基础科学 ,77065篇,1999,20,0
2018,   工程科技Ⅰ辑 ,162051篇,1999,18,0
2018,   工程科技Ⅱ辑 ,216395篇,1999,25,0
2018,   农业科技 ,70178篇,1999,15,0
2018,   医药卫生科技 ,95157篇,1999,12,0
2018,   哲学与人文科学 ,123240篇,1999,16,0
2018,   信息科技 ,174519篇,1999,25,0
2018,   经济与管理科学 ,171798篇,1999,14,0
2018,   社会科学Ⅰ辑 ,69907篇,1999,1,0
2018,   社会科学Ⅱ辑 ,132763篇,1999,5,0
2017,   基础科学 ,80138篇,2017,152,0
2017,   工程科技Ⅰ辑 ,166588篇,2017,438,0
2017,   工程科技Ⅱ辑 ,223606篇,2017,739,0
2017,   农业科技 ,68734篇,2017,92,0
2017,   医药卫生科技 ,94618篇,2017,216,0
2017,   哲学与人文科学 ,126938篇,2017,246,0
2017,   社会科学Ⅰ辑 ,79582篇,2017,370,0
2017,   信息科技 ,192703篇,2018,3,1
2017,   经济与管理科学 ,190236篇,2018,2,1
2017,   社会科学Ⅱ辑 ,130856篇,2018,17,1
2017,   基础科学 ,80138篇,2016,4806,0
2017,   工程科技Ⅰ辑 ,166588篇,2016,11749,0
2017,   工程科技Ⅱ辑 ,223606篇,2016,16301,0
2017,   农业科技 ,68734篇,2016,5042,0
2017,   医药卫生科技 ,94618篇,2016,8656,0
2017,   哲学与人文科学 ,126938篇,2016,6337,0
2017,   社会科学Ⅰ辑 ,79582篇,2016,6266,0
2017,   信息科技 ,192703篇,2017,576,0
2017,   经济与管理科学 ,190236篇,2017,815,0
2017,   社会科学Ⅱ辑 ,130856篇,2017,483,0
2017,   基础科学 ,80138篇,2015,7859,0
2017,   工程科技Ⅰ辑 ,166588篇,2015,18327,0
2017,   工程科技Ⅱ辑 ,223606篇,2015,25183,0
2017,   农业科技 ,68734篇,2015,6879,0
2017,   医药卫生科技 ,94618篇,2015,12417,0
2017,   哲学与人文科学 ,126938篇,2015,12479,0
2017,   社会科学Ⅰ辑 ,79582篇,2015,9617,0
2017,   信息科技 ,192703篇,2016,13030,0
2017,   经济与管理科学 ,190236篇,2016,14483,0
2017,   社会科学Ⅱ辑 ,130856篇,2016,9687,0
2017,   基础科学 ,80138篇,2014,9234,0
2017,   工程科技Ⅰ辑 ,166588篇,2014,21170,0
2017,   工程科技Ⅱ辑 ,223606篇,2014,27529,0
2017,   农业科技 ,68734篇,2014,8258,0
2017,   医药卫生科技 ,94618篇,2014,14286,0
2017,   哲学与人文科学 ,126938篇,2014,15285,0
2017,   社会科学Ⅰ辑 ,79582篇,2014,11193,0
2017,   信息科技 ,192703篇,2015,21928,0
2017,   经济与管理科学 ,190236篇,2015,22031,0
2017,   社会科学Ⅱ辑 ,130856篇,2015,16076,0
2017,   基础科学 ,80138篇,2013,9023,0
2017,   工程科技Ⅰ辑 ,166588篇,2009,10366,0
2017,   工程科技Ⅱ辑 ,223606篇,2009,14121,0
2017,   农业科技 ,68734篇,2009,4592,0
2017,   医药卫生科技 ,94618篇,2009,5503,0
2017,   哲学与人文科学 ,126938篇,2009,8135,0
2017,   社会科学Ⅰ辑 ,79582篇,2009,4056,0
2017,   信息科技 ,192703篇,2010,14960,0
2017,   经济与管理科学 ,190236篇,2010,14570,0
2017,   社会科学Ⅱ辑 ,130856篇,2010,8534,0
2017,   基础科学 ,80138篇,2012,7857,0
2017,   工程科技Ⅰ辑 ,166588篇,2010,12505,0
2017,   工程科技Ⅱ辑 ,223606篇,2010,15769,0
2017,   农业科技 ,68734篇,2010,5157,0
2017,   医药卫生科技 ,94618篇,2010,6851,0
2017,   哲学与人文科学 ,126938篇,2010,9565,0
2017,   社会科学Ⅰ辑 ,79582篇,2010,5756,0
2017,   信息科技 ,192703篇,2011,16053,0
2017,   经济与管理科学 ,190236篇,2011,16159,0
2017,   社会科学Ⅱ辑 ,130856篇,2011,11635,0
2017,   基础科学 ,80138篇,2011,6500,0
2017,   工程科技Ⅰ辑 ,166588篇,2008,9950,0
2017,   工程科技Ⅱ辑 ,223606篇,2008,13764,0
2017,   农业科技 ,68734篇,2008,4572,0
2017,   医药卫生科技 ,94618篇,2008,4546,0
2017,   哲学与人文科学 ,126938篇,2008,8159,0
2017,   社会科学Ⅰ辑 ,79582篇,2008,4073,0
2017,   信息科技 ,192703篇,2009,13298,0
2017,   经济与管理科学 ,190236篇,2009,11989,0
2017,   社会科学Ⅱ辑 ,130856篇,2009,7596,0
2017,   基础科学 ,80138篇,2010,6144,0
2017,   工程科技Ⅰ辑 ,166588篇,2011,14304,0
2017,   工程科技Ⅱ辑 ,223606篇,2011,17557,0
2017,   农业科技 ,68734篇,2011,5408,0
2017,   医药卫生科技 ,94618篇,2011,7819,0
2017,   哲学与人文科学 ,126938篇,2011,11563,0
2017,   社会科学Ⅰ辑 ,79582篇,2011,7234,0
2017,   信息科技 ,192703篇,2012,21031,0
2017,   经济与管理科学 ,190236篇,2012,21063,0
2017,   社会科学Ⅱ辑 ,130856篇,2012,13941,0
2017,   基础科学 ,80138篇,2009,5794,0
2017,   工程科技Ⅰ辑 ,166588篇,2012,19070,0
2017,   工程科技Ⅱ辑 ,223606篇,2012,23769,0
2017,   农业科技 ,68734篇,2012,7044,0
2017,   医药卫生科技 ,94618篇,2012,10983,0
2017,   哲学与人文科学 ,126938篇,2012,14724,0
2017,   社会科学Ⅰ辑 ,79582篇,2012,9248,0
2017,   信息科技 ,192703篇,2013,24591,0
2017,   经济与管理科学 ,190236篇,2013,22414,0
2017,   社会科学Ⅱ辑 ,130856篇,2013,16290,0
2017,   基础科学 ,80138篇,2008,5867,0
2017,   工程科技Ⅰ辑 ,166588篇,2013,19822,0
2017,   工程科技Ⅱ辑 ,223606篇,2013,26154,0
2017,   农业科技 ,68734篇,2013,8023,0
2017,   医药卫生科技 ,94618篇,2013,12263,0
2017,   哲学与人文科学 ,126938篇,2013,15569,0
2017,   社会科学Ⅰ辑 ,79582篇,2013,10803,0
2017,   信息科技 ,192703篇,2014,24467,0
2017,   经济与管理科学 ,190236篇,2014,24667,0
2017,   社会科学Ⅱ辑 ,130856篇,2014,17453,0
2017,   基础科学 ,80138篇,2007,5424,0
2017,   工程科技Ⅰ辑 ,166588篇,2006,7101,0
2017,   工程科技Ⅱ辑 ,223606篇,2006,10607,0
2017,   农业科技 ,68734篇,2006,3099,0
2017,   医药卫生科技 ,94618篇,2006,2624,0
2017,   哲学与人文科学 ,126938篇,2006,5887,0
2017,   社会科学Ⅰ辑 ,79582篇,2006,2676,0
2017,   信息科技 ,192703篇,2007,10654,0
2017,   经济与管理科学 ,190236篇,2007,10154,0
2017,   社会科学Ⅱ辑 ,130856篇,2007,7228,0
2017,   基础科学 ,80138篇,2006,4263,0
2017,   工程科技Ⅰ辑 ,166588篇,2007,9261,0
2017,   工程科技Ⅱ辑 ,223606篇,2007,13841,0
2017,   农业科技 ,68734篇,2007,3896,0
2017,   医药卫生科技 ,94618篇,2007,4078,0
2017,   哲学与人文科学 ,126938篇,2007,8099,0
2017,   社会科学Ⅰ辑 ,79582篇,2007,3781,0
2017,   信息科技 ,192703篇,2008,12068,0
2017,   经济与管理科学 ,190236篇,2008,11540,0
2017,   社会科学Ⅱ辑 ,130856篇,2008,7717,0
2017,   基础科学 ,80138篇,2005,2859,0
2017,   工程科技Ⅰ辑 ,166588篇,2005,4990,0
2017,   工程科技Ⅱ辑 ,223606篇,2005,7407,0
2017,   农业科技 ,68734篇,2005,2460,0
2017,   医药卫生科技 ,94618篇,2005,1785,0
2017,   哲学与人文科学 ,126938篇,2005,4042,0
2017,   社会科学Ⅰ辑 ,79582篇,2005,1841,0
2017,   信息科技 ,192703篇,2006,7977,0
2017,   经济与管理科学 ,190236篇,2006,7572,0
2017,   社会科学Ⅱ辑 ,130856篇,2006,5524,0
2017,   基础科学 ,80138篇,2004,1809,0
2017,   工程科技Ⅰ辑 ,166588篇,2001,564,0
2017,   工程科技Ⅱ辑 ,223606篇,2001,708,0
2017,   农业科技 ,68734篇,2001,444,0
2017,   医药卫生科技 ,94618篇,2001,250,0
2017,   哲学与人文科学 ,126938篇,2001,555,0
2017,   社会科学Ⅰ辑 ,79582篇,2001,187,0
2017,   信息科技 ,192703篇,2002,1256,0
2017,   经济与管理科学 ,190236篇,2002,1100,0
2017,   社会科学Ⅱ辑 ,130856篇,2002,819,0
2017,   基础科学 ,80138篇,2003,1103,0
2017,   工程科技Ⅰ辑 ,166588篇,2002,1249,0
2017,   工程科技Ⅱ辑 ,223606篇,2002,1653,0
2017,   农业科技 ,68734篇,2002,624,0
2017,   医药卫生科技 ,94618篇,2002,436,0
2017,   哲学与人文科学 ,126938篇,2002,1122,0
2017,   社会科学Ⅰ辑 ,79582篇,2002,396,0
2017,   信息科技 ,192703篇,2003,1779,0
2017,   经济与管理科学 ,190236篇,2003,2048,0
2017,   社会科学Ⅱ辑 ,130856篇,2003,1576,0
2017,   基础科学 ,80138篇,2002,756,0
2017,   工程科技Ⅰ辑 ,166588篇,1999,28,0
2017,   工程科技Ⅱ辑 ,223606篇,1999,36,0
2017,   农业科技 ,68734篇,1999,11,0
2017,   医药卫生科技 ,94618篇,1999,6,0
2017,   哲学与人文科学 ,126938篇,1999,16,0
2017,   社会科学Ⅰ辑 ,79582篇,1999,4,0
2017,   信息科技 ,192703篇,2000,212,0
2017,   经济与管理科学 ,190236篇,2000,253,0
2017,   社会科学Ⅱ辑 ,130856篇,2000,122,0
2017,   基础科学 ,80138篇,2001,432,0
2017,   工程科技Ⅰ辑 ,166588篇,2000,212,0
2017,   工程科技Ⅱ辑 ,223606篇,2000,299,0
2017,   农业科技 ,68734篇,2000,187,0
2017,   医药卫生科技 ,94618篇,2000,66,0
2017,   哲学与人文科学 ,126938篇,2000,253,0
2017,   社会科学Ⅰ辑 ,79582篇,2000,97,0
2017,   信息科技 ,192703篇,2001,524,0
2017,   经济与管理科学 ,190236篇,2001,534,0
2017,   社会科学Ⅱ辑 ,130856篇,2001,448,0
2017,   基础科学 ,80138篇,2000,153,0
2017,   工程科技Ⅰ辑 ,166588篇,2003,1896,0
2017,   工程科技Ⅱ辑 ,223606篇,2003,2887,0
2017,   农业科技 ,68734篇,2003,1211,0
2017,   医药卫生科技 ,94618篇,2003,679,0
2017,   哲学与人文科学 ,126938篇,2003,1827,0
2017,   社会科学Ⅰ辑 ,79582篇,2003,696,0
2017,   信息科技 ,192703篇,2004,3243,0
2017,   经济与管理科学 ,190236篇,2004,3564,0
2017,   社会科学Ⅱ辑 ,130856篇,2004,2312,0
2017,   基础科学 ,80138篇,1999,18,0
2017,   工程科技Ⅰ辑 ,166588篇,2004,3511,0
2017,   工程科技Ⅱ辑 ,223606篇,2004,5222,0
2017,   农业科技 ,68734篇,2004,1706,0
2017,   医药卫生科技 ,94618篇,2004,1109,0
2017,   哲学与人文科学 ,126938篇,2004,3039,0
2017,   社会科学Ⅰ辑 ,79582篇,2004,1276,0
2017,   信息科技 ,192703篇,2005,4982,0
2017,   经济与管理科学 ,190236篇,2005,5253,0
2017,   社会科学Ⅱ辑 ,130856篇,2005,3386,0
2017,   基础科学 ,80138篇,1998,19,0
2017,   工程科技Ⅰ辑 ,166588篇,1998,16,0
2017,   工程科技Ⅱ辑 ,223606篇,1998,14,0
2017,   农业科技 ,68734篇,1998,9,0
2017,   医药卫生科技 ,94618篇,1998,7,0
2017,   哲学与人文科学 ,126938篇,1998,10,0
2017,   社会科学Ⅰ辑 ,79582篇,1998,3,0
2017,   信息科技 ,192703篇,1999,27,0
2017,   经济与管理科学 ,190236篇,1999,11,0
2017,   社会科学Ⅱ辑 ,130856篇,1999,2,0
2016,   基础科学 ,74965篇,2016,169,0
2016,   工程科技Ⅰ辑 ,152903篇,2017,1,1
2016,   工程科技Ⅱ辑 ,203268篇,2017,2,1
2016,   农业科技 ,65171篇,2016,188,0
2016,   医药卫生科技 ,82594篇,2016,228,0
2016,   哲学与人文科学 ,111926篇,2017,1,1
2016,   信息科技 ,186994篇,2017,3,1
2016,   经济与管理科学 ,185613篇,2017,2,1
2016,   社会科学Ⅰ辑 ,76691篇,2017,1,1
2016,   社会科学Ⅱ辑 ,115100篇,2017,17,1
2016,   基础科学 ,74965篇,2015,4548,0
2016,   工程科技Ⅰ辑 ,152903篇,2016,418,0
2016,   工程科技Ⅱ辑 ,203268篇,2016,669,0
2016,   农业科技 ,65171篇,2015,4097,0
2016,   医药卫生科技 ,82594篇,2015,6248,0
2016,   哲学与人文科学 ,111926篇,2016,228,0
2016,   信息科技 ,186994篇,2016,559,0
2016,   经济与管理科学 ,185613篇,2016,812,0
2016,   社会科学Ⅰ辑 ,76691篇,2016,335,0
2016,   社会科学Ⅱ辑 ,115100篇,2016,489,0
2016,   基础科学 ,74965篇,2014,8306,0
2016,   工程科技Ⅰ辑 ,152903篇,2015,10420,0
2016,   工程科技Ⅱ辑 ,203268篇,2015,14079,0
2016,   农业科技 ,65171篇,2014,7807,0
2016,   医药卫生科技 ,82594篇,2014,13428,0
2016,   哲学与人文科学 ,111926篇,2015,5590,0
2016,   信息科技 ,186994篇,2015,13427,0
2016,   经济与管理科学 ,185613篇,2015,12415,0
2016,   社会科学Ⅰ辑 ,76691篇,2015,4978,0
2016,   社会科学Ⅱ辑 ,115100篇,2015,7993,0
2016,   基础科学 ,74965篇,2013,9267,0
2016,   工程科技Ⅰ辑 ,152903篇,2014,19226,0
2016,   工程科技Ⅱ辑 ,203268篇,2014,24979,0
2016,   农业科技 ,65171篇,2013,8606,0
2016,   医药卫生科技 ,82594篇,2013,12833,0
2016,   哲学与人文科学 ,111926篇,2014,13572,0
2016,   信息科技 ,186994篇,2014,22867,0
2016,   经济与管理科学 ,185613篇,2014,24048,0
2016,   社会科学Ⅰ辑 ,76691篇,2014,11199,0
2016,   社会科学Ⅱ辑 ,115100篇,2014,16203,0
2016,   基础科学 ,74965篇,2012,8204,0
2016,   工程科技Ⅰ辑 ,152903篇,2009,11334,0
2016,   工程科技Ⅱ辑 ,203268篇,2009,15211,0
2016,   农业科技 ,65171篇,2008,5051,0
2016,   医药卫生科技 ,82594篇,2008,4903,0
2016,   哲学与人文科学 ,111926篇,2009,8224,0
2016,   信息科技 ,186994篇,2009,15320,0
2016,   经济与管理科学 ,185613篇,2009,14031,0
2016,   社会科学Ⅰ辑 ,76691篇,2009,4841,0
2016,   社会科学Ⅱ辑 ,115100篇,2009,7990,0
2016,   基础科学 ,74965篇,2011,6926,0
2016,   工程科技Ⅰ辑 ,152903篇,2010,13431,0
2016,   工程科技Ⅱ辑 ,203268篇,2010,16862,0
2016,   农业科技 ,65171篇,2009,5018,0
2016,   医药卫生科技 ,82594篇,2009,5903,0
2016,   哲学与人文科学 ,111926篇,2010,9499,0
2016,   信息科技 ,186994篇,2010,16906,0
2016,   经济与管理科学 ,185613篇,2010,16903,0
2016,   社会科学Ⅰ辑 ,76691篇,2010,6838,0
2016,   社会科学Ⅱ辑 ,115100篇,2010,9006,0
2016,   基础科学 ,74965篇,2010,6534,0
2016,   工程科技Ⅰ辑 ,152903篇,2008,10937,0
2016,   工程科技Ⅱ辑 ,203268篇,2008,14797,0
2016,   农业科技 ,65171篇,2007,4404,0
2016,   医药卫生科技 ,82594篇,2007,4411,0
2016,   哲学与人文科学 ,111926篇,2008,8223,0
2016,   信息科技 ,186994篇,2008,14126,0
2016,   经济与管理科学 ,185613篇,2008,13787,0
2016,   社会科学Ⅰ辑 ,76691篇,2008,4581,0
2016,   社会科学Ⅱ辑 ,115100篇,2008,8165,0
2016,   基础科学 ,74965篇,2009,6131,0
2016,   工程科技Ⅰ辑 ,152903篇,2011,15217,0
2016,   工程科技Ⅱ辑 ,203268篇,2011,18458,0
2016,   农业科技 ,65171篇,2010,5614,0
2016,   医药卫生科技 ,82594篇,2010,7350,0
2016,   哲学与人文科学 ,111926篇,2011,11617,0
2016,   信息科技 ,186994篇,2011,18000,0
2016,   经济与管理科学 ,185613篇,2011,18627,0
2016,   社会科学Ⅰ辑 ,76691篇,2011,8563,0
2016,   社会科学Ⅱ辑 ,115100篇,2011,11965,0
2016,   基础科学 ,74965篇,2008,6432,0
2016,   工程科技Ⅰ辑 ,152903篇,2012,19844,0
2016,   工程科技Ⅱ辑 ,203268篇,2012,24691,0
2016,   农业科技 ,65171篇,2011,5879,0
2016,   医药卫生科技 ,82594篇,2011,8316,0
2016,   哲学与人文科学 ,111926篇,2012,14659,0
2016,   信息科技 ,186994篇,2012,22987,0
2016,   经济与管理科学 ,185613篇,2012,23866,0
2016,   社会科学Ⅰ辑 ,76691篇,2012,10542,0
2016,   社会科学Ⅱ辑 ,115100篇,2012,14380,0
2016,   基础科学 ,74965篇,2007,5879,0
2016,   工程科技Ⅰ辑 ,152903篇,2013,20274,0
2016,   工程科技Ⅱ辑 ,203268篇,2013,26791,0
2016,   农业科技 ,65171篇,2012,7540,0
2016,   医药卫生科技 ,82594篇,2012,11470,0
2016,   哲学与人文科学 ,111926篇,2013,14980,0
2016,   信息科技 ,186994篇,2013,26304,0
2016,   经济与管理科学 ,185613篇,2013,24819,0
2016,   社会科学Ⅰ辑 ,76691篇,2013,11993,0
2016,   社会科学Ⅱ辑 ,115100篇,2013,16281,0
2016,   基础科学 ,74965篇,2006,4726,0
2016,   工程科技Ⅰ辑 ,152903篇,2006,7856,0
2016,   工程科技Ⅱ辑 ,203268篇,2006,11688,0
2016,   农业科技 ,65171篇,2005,2714,0
2016,   医药卫生科技 ,82594篇,2005,1834,0
2016,   哲学与人文科学 ,111926篇,2006,6115,0
2016,   信息科技 ,186994篇,2006,9508,0
2016,   经济与管理科学 ,185613篇,2006,9061,0
2016,   社会科学Ⅰ辑 ,76691篇,2006,3121,0
2016,   社会科学Ⅱ辑 ,115100篇,2006,5820,0
2016,   基础科学 ,74965篇,2005,3082,0
2016,   工程科技Ⅰ辑 ,152903篇,2007,10170,0
2016,   工程科技Ⅱ辑 ,203268篇,2007,15173,0
2016,   农业科技 ,65171篇,2006,3530,0
2016,   医药卫生科技 ,82594篇,2006,2887,0
2016,   哲学与人文科学 ,111926篇,2007,8238,0
2016,   信息科技 ,186994篇,2007,12778,0
2016,   经济与管理科学 ,185613篇,2007,12172,0
2016,   社会科学Ⅰ辑 ,76691篇,2007,4518,0
2016,   社会科学Ⅱ辑 ,115100篇,2007,7760,0
2016,   基础科学 ,74965篇,2004,2017,0
2016,   工程科技Ⅰ辑 ,152903篇,2005,5460,0
2016,   工程科技Ⅱ辑 ,203268篇,2005,8094,0
2016,   农业科技 ,65171篇,2004,1975,0
2016,   医药卫生科技 ,82594篇,2004,1186,0
2016,   哲学与人文科学 ,111926篇,2005,4055,0
2016,   信息科技 ,186994篇,2005,5840,0
2016,   经济与管理科学 ,185613篇,2005,6215,0
2016,   社会科学Ⅰ辑 ,76691篇,2005,2180,0
2016,   社会科学Ⅱ辑 ,115100篇,2005,3603,0
2016,   基础科学 ,74965篇,2003,1167,0
2016,   工程科技Ⅰ辑 ,152903篇,2001,601,0
2016,   工程科技Ⅱ辑 ,203268篇,2001,780,0
2016,   农业科技 ,65171篇,2000,194,0
2016,   医药卫生科技 ,82594篇,2000,73,0
2016,   哲学与人文科学 ,111926篇,2001,559,0
2016,   信息科技 ,186994篇,2001,606,0
2016,   经济与管理科学 ,185613篇,2001,650,0
2016,   社会科学Ⅰ辑 ,76691篇,2001,234,0
2016,   社会科学Ⅱ辑 ,115100篇,2001,445,0
2016,   基础科学 ,74965篇,2002,845,0
2016,   工程科技Ⅰ辑 ,152903篇,2002,1373,0
2016,   工程科技Ⅱ辑 ,203268篇,2002,1817,0
2016,   农业科技 ,65171篇,2001,491,0
2016,   医药卫生科技 ,82594篇,2001,235,0
2016,   哲学与人文科学 ,111926篇,2002,1088,0
2016,   信息科技 ,186994篇,2002,1476,0
2016,   经济与管理科学 ,185613篇,2002,1384,0
2016,   社会科学Ⅰ辑 ,76691篇,2002,459,0
2016,   社会科学Ⅱ辑 ,115100篇,2002,839,0
2016,   基础科学 ,74965篇,2001,447,0
2016,   工程科技Ⅰ辑 ,152903篇,1999,33,0
2016,   工程科技Ⅱ辑 ,203268篇,1999,40,0
2016,   农业科技 ,65171篇,1998,6,0
2016,   医药卫生科技 ,82594篇,1998,8,0
2016,   哲学与人文科学 ,111926篇,1999,18,0
2016,   信息科技 ,186994篇,1999,30,0
2016,   经济与管理科学 ,185613篇,1999,16,0
2016,   社会科学Ⅰ辑 ,76691篇,1999,6,0
2016,   社会科学Ⅱ辑 ,115100篇,1999,5,0
2016,   基础科学 ,74965篇,2000,177,0
2016,   工程科技Ⅰ辑 ,152903篇,2000,238,0
2016,   工程科技Ⅱ辑 ,203268篇,2000,341,0
2016,   农业科技 ,65171篇,1999,16,0
2016,   医药卫生科技 ,82594篇,1999,9,0
2016,   哲学与人文科学 ,111926篇,2000,271,0
2016,   信息科技 ,186994篇,2000,236,0
2016,   经济与管理科学 ,185613篇,2000,274,0
2016,   社会科学Ⅰ辑 ,76691篇,2000,94,0
2016,   社会科学Ⅱ辑 ,115100篇,2000,156,0
2016,   基础科学 ,74965篇,1999,28,0
2016,   工程科技Ⅰ辑 ,152903篇,2003,2159,0
2016,   工程科技Ⅱ辑 ,203268篇,2003,3111,0
2016,   农业科技 ,65171篇,2002,721,0
2016,   医药卫生科技 ,82594篇,2002,486,0
2016,   哲学与人文科学 ,111926篇,2003,1892,0
2016,   信息科技 ,186994篇,2003,2112,0
2016,   经济与管理科学 ,185613篇,2003,2374,0
2016,   社会科学Ⅰ辑 ,76691篇,2003,777,0
2016,   社会科学Ⅱ辑 ,115100篇,2003,1565,0
2016,   基础科学 ,74965篇,1998,18,0
2016,   工程科技Ⅰ辑 ,152903篇,2004,3850,0
2016,   工程科技Ⅱ辑 ,203268篇,2004,5625,0
2016,   农业科技 ,65171篇,2003,1303,0
2016,   医药卫生科技 ,82594篇,2003,756,0
2016,   哲学与人文科学 ,111926篇,2004,3065,0
2016,   信息科技 ,186994篇,2004,3850,0
2016,   经济与管理科学 ,185613篇,2004,4143,0
2016,   社会科学Ⅰ辑 ,76691篇,2004,1410,0
2016,   社会科学Ⅱ辑 ,115100篇,2004,2409,0
2016,   基础科学 ,74965篇,1997,9,0
2016,   工程科技Ⅰ辑 ,152903篇,1998,17,0
2016,   工程科技Ⅱ辑 ,203268篇,1998,11,0
2016,   农业科技 ,65171篇,1997,6,0
2016,   医药卫生科技 ,82594篇,1997,11,0
2016,   哲学与人文科学 ,111926篇,1998,7,0
2016,   信息科技 ,186994篇,1998,38,0
2016,   经济与管理科学 ,185613篇,1998,9,0
2016,   社会科学Ⅰ辑 ,76691篇,1998,5,0
2016,   社会科学Ⅱ辑 ,115100篇,1998,2,0
2015,   基础科学 ,65543篇,2015,139,0
2015,   工程科技Ⅰ辑 ,130394篇,2015,344,0
2015,   工程科技Ⅱ辑 ,176350篇,2015,537,0
2015,   农业科技 ,55482篇,2015,85,0
2015,   医药卫生科技 ,65215篇,2015,121,0
2015,   哲学与人文科学 ,92786篇,2015,187,0
2015,   信息科技 ,168256篇,2015,784,0
2015,   经济与管理科学 ,165738篇,2016,1,1
2015,   社会科学Ⅰ辑 ,66871篇,2015,177,0
2015,   社会科学Ⅱ辑 ,97550篇,2016,3,1
2015,   基础科学 ,65543篇,2014,5188,0
2015,   工程科技Ⅰ辑 ,130394篇,2014,11260,0
2015,   工程科技Ⅱ辑 ,176350篇,2014,14720,0
2015,   农业科技 ,55482篇,2014,4989,0
2015,   医药卫生科技 ,65215篇,2014,7477,0
2015,   哲学与人文科学 ,92786篇,2014,6664,0
2015,   信息科技 ,168256篇,2014,13918,0
2015,   经济与管理科学 ,165738篇,2015,689,0
2015,   社会科学Ⅰ辑 ,66871篇,2014,6115,0
2015,   社会科学Ⅱ辑 ,97550篇,2015,364,0
2015,   基础科学 ,65543篇,2013,8270,0
2015,   工程科技Ⅰ辑 ,130394篇,2013,17716,0
2015,   工程科技Ⅱ辑 ,176350篇,2013,24177,0
2015,   农业科技 ,55482篇,2013,7731,0
2015,   医药卫生科技 ,65215篇,2013,10682,0
2015,   哲学与人文科学 ,92786篇,2013,12451,0
2015,   信息科技 ,168256篇,2013,24813,0
2015,   经济与管理科学 ,165738篇,2014,14285,0
2015,   社会科学Ⅰ辑 ,66871篇,2013,10696,0
2015,   社会科学Ⅱ辑 ,97550篇,2014,9527,0
2015,   基础科学 ,65543篇,2012,8022,0
2015,   工程科技Ⅰ辑 ,130394篇,2012,19184,0
2015,   工程科技Ⅱ辑 ,176350篇,2012,23965,0
2015,   农业科技 ,55482篇,2012,7231,0
2015,   医药卫生科技 ,65215篇,2012,10400,0
2015,   哲学与人文科学 ,92786篇,2012,13778,0
2015,   信息科技 ,168256篇,2012,23019,0
2015,   经济与管理科学 ,165738篇,2013,22366,0
2015,   社会科学Ⅰ辑 ,66871篇,2012,10628,0
2015,   社会科学Ⅱ辑 ,97550篇,2013,14134,0
2015,   基础科学 ,65543篇,2011,6756,0
2015,   工程科技Ⅰ辑 ,130394篇,2007,10153,0
2015,   工程科技Ⅱ辑 ,176350篇,2007,15463,0
2015,   农业科技 ,55482篇,2007,4249,0
2015,   医药卫生科技 ,65215篇,2007,4232,0
2015,   哲学与人文科学 ,92786篇,2007,7861,0
2015,   信息科技 ,168256篇,2007,13522,0
2015,   经济与管理科学 ,165738篇,2008,14492,0
2015,   社会科学Ⅰ辑 ,66871篇,2007,4718,0
2015,   社会科学Ⅱ辑 ,97550篇,2008,7973,0
2015,   基础科学 ,65543篇,2010,6433,0
2015,   工程科技Ⅰ辑 ,130394篇,2008,10746,0
2015,   工程科技Ⅱ辑 ,176350篇,2008,14900,0
2015,   农业科技 ,55482篇,2008,4786,0
2015,   医药卫生科技 ,65215篇,2008,4624,0
2015,   哲学与人文科学 ,92786篇,2008,7671,0
2015,   信息科技 ,168256篇,2008,14966,0
2015,   经济与管理科学 ,165738篇,2009,14561,0
2015,   社会科学Ⅰ辑 ,66871篇,2008,4848,0
2015,   社会科学Ⅱ辑 ,97550篇,2009,7924,0
2015,   基础科学 ,65543篇,2009,5979,0
2015,   工程科技Ⅰ辑 ,130394篇,2006,7936,0
2015,   工程科技Ⅱ辑 ,176350篇,2006,11889,0
2015,   农业科技 ,55482篇,2006,3395,0
2015,   医药卫生科技 ,65215篇,2006,2799,0
2015,   哲学与人文科学 ,92786篇,2006,5613,0
2015,   信息科技 ,168256篇,2006,10183,0
2015,   经济与管理科学 ,165738篇,2007,12935,0
2015,   社会科学Ⅰ辑 ,66871篇,2006,3424,0
2015,   社会科学Ⅱ辑 ,97550篇,2007,7817,0
2015,   基础科学 ,65543篇,2008,6419,0
2015,   工程科技Ⅰ辑 ,130394篇,2009,11206,0
2015,   工程科技Ⅱ辑 ,176350篇,2009,15250,0
2015,   农业科技 ,55482篇,2009,4887,0
2015,   医药卫生科技 ,65215篇,2009,5680,0
2015,   哲学与人文科学 ,92786篇,2009,7808,0
2015,   信息科技 ,168256篇,2009,16184,0
2015,   经济与管理科学 ,165738篇,2010,17543,0
2015,   社会科学Ⅰ辑 ,66871篇,2009,5029,0
2015,   社会科学Ⅱ辑 ,97550篇,2010,8842,0
2015,   基础科学 ,65543篇,2007,5886,0
2015,   工程科技Ⅰ辑 ,130394篇,2010,13262,0
2015,   工程科技Ⅱ辑 ,176350篇,2010,16778,0
2015,   农业科技 ,55482篇,2010,5324,0
2015,   医药卫生科技 ,65215篇,2010,6981,0
2015,   哲学与人文科学 ,92786篇,2010,9173,0
2015,   信息科技 ,168256篇,2010,17430,0
2015,   经济与管理科学 ,165738篇,2011,18953,0
2015,   社会科学Ⅰ辑 ,66871篇,2010,6950,0
2015,   社会科学Ⅱ辑 ,97550篇,2011,11949,0
2015,   基础科学 ,65543篇,2006,4727,0
2015,   工程科技Ⅰ辑 ,130394篇,2011,14776,0
2015,   工程科技Ⅱ辑 ,176350篇,2011,18368,0
2015,   农业科技 ,55482篇,2011,5534,0
2015,   医药卫生科技 ,65215篇,2011,7830,0
2015,   哲学与人文科学 ,92786篇,2011,11153,0
2015,   信息科技 ,168256篇,2011,18296,0
2015,   经济与管理科学 ,165738篇,2012,24051,0
2015,   社会科学Ⅰ辑 ,66871篇,2011,8872,0
2015,   社会科学Ⅱ辑 ,97550篇,2012,13932,0
2015,   基础科学 ,65543篇,2005,3040,0
2015,   工程科技Ⅰ辑 ,130394篇,2004,3899,0
2015,   工程科技Ⅱ辑 ,176350篇,2004,5764,0
2015,   农业科技 ,55482篇,2004,1916,0
2015,   医药卫生科技 ,65215篇,2004,1189,0
2015,   哲学与人文科学 ,92786篇,2004,2932,0
2015,   信息科技 ,168256篇,2004,4100,0
2015,   经济与管理科学 ,165738篇,2005,6604,0
2015,   社会科学Ⅰ辑 ,66871篇,2004,1511,0
2015,   社会科学Ⅱ辑 ,97550篇,2005,3639,0
2015,   基础科学 ,65543篇,2004,2016,0
2015,   工程科技Ⅰ辑 ,130394篇,2005,5485,0
2015,   工程科技Ⅱ辑 ,176350篇,2005,8290,0
2015,   农业科技 ,55482篇,2005,2697,0
2015,   医药卫生科技 ,65215篇,2005,1778,0
2015,   哲学与人文科学 ,92786篇,2005,3782,0
2015,   信息科技 ,168256篇,2005,6293,0
2015,   经济与管理科学 ,165738篇,2006,9757,0
2015,   社会科学Ⅰ辑 ,66871篇,2005,2268,0
2015,   社会科学Ⅱ辑 ,97550篇,2006,5897,0
2015,   基础科学 ,65543篇,2003,1206,0
2015,   工程科技Ⅰ辑 ,130394篇,2003,2144,0
2015,   工程科技Ⅱ辑 ,176350篇,2003,3162,0
2015,   农业科技 ,55482篇,2003,1241,0
2015,   医药卫生科技 ,65215篇,2003,660,0
2015,   哲学与人文科学 ,92786篇,2003,1770,0
2015,   信息科技 ,168256篇,2003,2230,0
2015,   经济与管理科学 ,165738篇,2004,4394,0
2015,   社会科学Ⅰ辑 ,66871篇,2003,777,0
2015,   社会科学Ⅱ辑 ,97550篇,2004,2457,0
2015,   基础科学 ,65543篇,2002,786,0
2015,   工程科技Ⅰ辑 ,130394篇,1999,23,0
2015,   工程科技Ⅱ辑 ,176350篇,1999,39,0
2015,   农业科技 ,55482篇,1999,10,0
2015,   医药卫生科技 ,65215篇,1999,6,0
2015,   哲学与人文科学 ,92786篇,1999,19,0
2015,   信息科技 ,168256篇,1999,29,0
2015,   经济与管理科学 ,165738篇,2000,300,0
2015,   社会科学Ⅰ辑 ,66871篇,1999,4,0
2015,   社会科学Ⅱ辑 ,97550篇,2000,134,0
2015,   基础科学 ,65543篇,2001,414,0
2015,   工程科技Ⅰ辑 ,130394篇,2000,229,0
2015,   工程科技Ⅱ辑 ,176350篇,2000,340,0
2015,   农业科技 ,55482篇,2000,213,0
2015,   医药卫生科技 ,65215篇,2000,55,0
2015,   哲学与人文科学 ,92786篇,2000,234,0
2015,   信息科技 ,168256篇,2000,243,0
2015,   经济与管理科学 ,165738篇,2001,710,0
2015,   社会科学Ⅰ辑 ,66871篇,2000,110,0
2015,   社会科学Ⅱ辑 ,97550篇,2001,477,0
2015,   基础科学 ,65543篇,2000,170,0
2015,   工程科技Ⅰ辑 ,130394篇,1997,18,0
2015,   工程科技Ⅱ辑 ,176350篇,1997,8,0
2015,   农业科技 ,55482篇,1997,4,0
2015,   医药卫生科技 ,65215篇,1997,15,0
2015,   哲学与人文科学 ,92786篇,1997,13,0
2015,   信息科技 ,168256篇,1997,6,0
2015,   经济与管理科学 ,165738篇,1998,5,0
2015,   社会科学Ⅰ辑 ,66871篇,1997,4,0
2015,   社会科学Ⅱ辑 ,97550篇,1998,2,0
2015,   基础科学 ,65543篇,1999,19,0
2015,   工程科技Ⅰ辑 ,130394篇,1998,15,0
2015,   工程科技Ⅱ辑 ,176350篇,1998,13,0
2015,   农业科技 ,55482篇,1998,8,0
2015,   医药卫生科技 ,65215篇,1998,8,0
2015,   哲学与人文科学 ,92786篇,1998,6,0
2015,   信息科技 ,168256篇,1998,30,0
2015,   经济与管理科学 ,165738篇,1999,22,0
2015,   社会科学Ⅰ辑 ,66871篇,1998,5,0
2015,   社会科学Ⅱ辑 ,97550篇,1999,4,0
2015,   基础科学 ,65543篇,1998,16,0
2015,   工程科技Ⅰ辑 ,130394篇,2001,584,0
2015,   工程科技Ⅱ辑 ,176350篇,2001,816,0
2015,   农业科技 ,55482篇,2001,489,0
2015,   医药卫生科技 ,65215篇,2001,220,0
2015,   哲学与人文科学 ,92786篇,2001,591,0
2015,   信息科技 ,168256篇,2001,636,0
2015,   经济与管理科学 ,165738篇,2002,1498,0
2015,   社会科学Ⅰ辑 ,66871篇,2001,262,0
2015,   社会科学Ⅱ辑 ,97550篇,2002,871,0
2015,   基础科学 ,65543篇,1997,9,0
2015,   工程科技Ⅰ辑 ,130394篇,2002,1377,0
2015,   工程科技Ⅱ辑 ,176350篇,2002,1838,0
2015,   农业科技 ,55482篇,2002,681,0
2015,   医药卫生科技 ,65215篇,2002,432,0
2015,   哲学与人文科学 ,92786篇,2002,1063,0
2015,   信息科技 ,168256篇,2002,1562,0
2015,   经济与管理科学 ,165738篇,2003,2564,0
2015,   社会科学Ⅰ辑 ,66871篇,2002,460,0
2015,   社会科学Ⅱ辑 ,97550篇,2003,1600,0
2015,   基础科学 ,65543篇,1996,6,0
2015,   工程科技Ⅰ辑 ,130394篇,1996,8,0
2015,   工程科技Ⅱ辑 ,176350篇,1996,7,0
2015,   农业科技 ,55482篇,1996,9,0
2015,   医药卫生科技 ,65215篇,1996,5,0
2015,   哲学与人文科学 ,92786篇,1996,3,0
2015,   信息科技 ,168256篇,1996,5,0
2015,   经济与管理科学 ,165738篇,1997,4,0
2015,   社会科学Ⅰ辑 ,66871篇,1996,5,0
2015,   社会科学Ⅱ辑 ,97550篇,1997,3,0
2014,   基础科学 ,56819篇,2014,244,0
2014,   工程科技Ⅰ辑 ,106664篇,2014,466,0
2014,   工程科技Ⅱ辑 ,149897篇,2015,2,1
2014,   农业科技 ,44670篇,2014,128,0
2014,   医药卫生科技 ,48550篇,2014,198,0
2014,   哲学与人文科学 ,48550篇,2014,318,0
2014,   社会科学Ⅰ辑 ,79066篇,2014,318,0
2014,   信息科技 ,153374篇,2015,5,1
2014,   经济与管理科学 ,149797篇,2014,1047,0
2014,   社会科学Ⅱ辑 ,81324篇,2015,2,1
2014,   基础科学 ,56819篇,2013,4976,0
2014,   工程科技Ⅰ辑 ,106664篇,2013,9680,0
2014,   工程科技Ⅱ辑 ,149897篇,2014,775,0
2014,   农业科技 ,44670篇,2013,4296,0
2014,   医药卫生科技 ,48550篇,2013,5421,0
2014,   哲学与人文科学 ,48550篇,2013,5578,0
2014,   社会科学Ⅰ辑 ,79066篇,2013,5578,0
2014,   信息科技 ,153374篇,2014,1226,0
2014,   经济与管理科学 ,149797篇,2013,12288,0
2014,   社会科学Ⅱ辑 ,81324篇,2014,598,0
2014,   基础科学 ,56819篇,2012,7207,0
2014,   工程科技Ⅰ辑 ,106664篇,2012,16951,0
2014,   工程科技Ⅱ辑 ,149897篇,2013,13754,0
2014,   农业科技 ,44670篇,2012,6181,0
2014,   医药卫生科技 ,48550篇,2012,9029,0
2014,   哲学与人文科学 ,48550篇,2012,12295,0
2014,   社会科学Ⅰ辑 ,79066篇,2012,12295,0
2014,   信息科技 ,153374篇,2013,15576,0
2014,   经济与管理科学 ,149797篇,2012,23480,0
2014,   社会科学Ⅱ辑 ,81324篇,2013,7146,0
2014,   基础科学 ,56819篇,2011,6659,0
2014,   工程科技Ⅰ辑 ,106664篇,2011,13901,0
2014,   工程科技Ⅱ辑 ,149897篇,2012,22024,0
2014,   农业科技 ,44670篇,2011,5306,0
2014,   医药卫生科技 ,48550篇,2011,7050,0
2014,   哲学与人文科学 ,48550篇,2011,11107,0
2014,   社会科学Ⅰ辑 ,79066篇,2011,11107,0
2014,   信息科技 ,153374篇,2012,22435,0
2014,   经济与管理科学 ,149797篇,2011,20436,0
2014,   社会科学Ⅱ辑 ,81324篇,2012,12774,0
2014,   基础科学 ,56819篇,2010,6391,0
2014,   工程科技Ⅰ辑 ,106664篇,2006,7781,0
2014,   工程科技Ⅱ辑 ,149897篇,2007,15636,0
2014,   农业科技 ,44670篇,2006,3256,0
2014,   医药卫生科技 ,48550篇,2006,2652,0
2014,   哲学与人文科学 ,48550篇,2006,5899,0
2014,   社会科学Ⅰ辑 ,79066篇,2006,5899,0
2014,   信息科技 ,153374篇,2007,14753,0
2014,   经济与管理科学 ,149797篇,2006,10553,0
2014,   社会科学Ⅱ辑 ,81324篇,2007,7946,0
2014,   基础科学 ,56819篇,2009,6145,0
2014,   工程科技Ⅰ辑 ,106664篇,2007,10033,0
2014,   工程科技Ⅱ辑 ,149897篇,2008,15183,0
2014,   农业科技 ,44670篇,2007,4093,0
2014,   医药卫生科技 ,48550篇,2007,3930,0
2014,   哲学与人文科学 ,48550篇,2007,7989,0
2014,   社会科学Ⅰ辑 ,79066篇,2007,7989,0
2014,   信息科技 ,153374篇,2008,16149,0
2014,   经济与管理科学 ,149797篇,2007,14121,0
2014,   社会科学Ⅱ辑 ,81324篇,2008,8324,0
2014,   基础科学 ,56819篇,2008,6473,0
2014,   工程科技Ⅰ辑 ,106664篇,2005,5446,0
2014,   工程科技Ⅱ辑 ,149897篇,2006,12002,0
2014,   农业科技 ,44670篇,2005,2609,0
2014,   医药卫生科技 ,48550篇,2005,1671,0
2014,   哲学与人文科学 ,48550篇,2005,4021,0
2014,   社会科学Ⅰ辑 ,79066篇,2005,4021,0
2014,   信息科技 ,153374篇,2006,11207,0
2014,   经济与管理科学 ,149797篇,2005,7238,0
2014,   社会科学Ⅱ辑 ,81324篇,2006,6033,0
2014,   基础科学 ,56819篇,2007,6044,0
2014,   工程科技Ⅰ辑 ,106664篇,2008,10706,0
2014,   工程科技Ⅱ辑 ,149897篇,2009,15395,0
2014,   农业科技 ,44670篇,2008,4598,0
2014,   医药卫生科技 ,48550篇,2008,4383,0
2014,   哲学与人文科学 ,48550篇,2008,7868,0
2014,   社会科学Ⅰ辑 ,79066篇,2008,7868,0
2014,   信息科技 ,153374篇,2009,17611,0
2014,   经济与管理科学 ,149797篇,2008,15701,0
2014,   社会科学Ⅱ辑 ,81324篇,2009,8107,0
2014,   基础科学 ,56819篇,2006,4793,0
2014,   工程科技Ⅰ辑 ,106664篇,2009,11089,0
2014,   工程科技Ⅱ辑 ,149897篇,2010,16735,0
2014,   农业科技 ,44670篇,2009,4669,0
2014,   医药卫生科技 ,48550篇,2009,5311,0
2014,   哲学与人文科学 ,48550篇,2009,7933,0
2014,   社会科学Ⅰ辑 ,79066篇,2009,7933,0
2014,   信息科技 ,153374篇,2010,18602,0
2014,   经济与管理科学 ,149797篇,2009,15952,0
2014,   社会科学Ⅱ辑 ,81324篇,2010,8970,0
2014,   基础科学 ,56819篇,2005,3132,0
2014,   工程科技Ⅰ辑 ,106664篇,2010,12683,0
2014,   工程科技Ⅱ辑 ,149897篇,2011,18034,0
2014,   农业科技 ,44670篇,2010,5167,0
2014,   医药卫生科技 ,48550篇,2010,6501,0
2014,   哲学与人文科学 ,48550篇,2010,9326,0
2014,   社会科学Ⅰ辑 ,79066篇,2010,9326,0
2014,   信息科技 ,153374篇,2011,19482,0
2014,   经济与管理科学 ,149797篇,2010,18842,0
2014,   社会科学Ⅱ辑 ,81324篇,2011,12047,0
2014,   基础科学 ,56819篇,2004,1992,0
2014,   工程科技Ⅰ辑 ,106664篇,2003,2065,0
2014,   工程科技Ⅱ辑 ,149897篇,2004,5723,0
2014,   农业科技 ,44670篇,2003,1193,0
2014,   医药卫生科技 ,48550篇,2003,665,0
2014,   哲学与人文科学 ,48550篇,2003,1793,0
2014,   社会科学Ⅰ辑 ,79066篇,2003,1793,0
2014,   信息科技 ,153374篇,2004,4383,0
2014,   经济与管理科学 ,149797篇,2003,2763,0
2014,   社会科学Ⅱ辑 ,81324篇,2004,2458,0
2014,   基础科学 ,56819篇,2003,1230,0
2014,   工程科技Ⅰ辑 ,106664篇,2004,3717,0
2014,   工程科技Ⅱ辑 ,149897篇,2005,8315,0
2014,   农业科技 ,44670篇,2004,1781,0
2014,   医药卫生科技 ,48550篇,2004,1028,0
2014,   哲学与人文科学 ,48550篇,2004,2983,0
2014,   社会科学Ⅰ辑 ,79066篇,2004,2983,0
2014,   信息科技 ,153374篇,2005,6756,0
2014,   经济与管理科学 ,149797篇,2004,4707,0
2014,   社会科学Ⅱ辑 ,81324篇,2005,3731,0
2014,   基础科学 ,56819篇,2002,829,0
2014,   工程科技Ⅰ辑 ,106664篇,2002,1299,0
2014,   工程科技Ⅱ辑 ,149897篇,2003,3196,0
2014,   农业科技 ,44670篇,2002,696,0
2014,   医药卫生科技 ,48550篇,2002,403,0
2014,   哲学与人文科学 ,48550篇,2002,1054,0
2014,   社会科学Ⅰ辑 ,79066篇,2002,1054,0
2014,   信息科技 ,153374篇,2003,2448,0
2014,   经济与管理科学 ,149797篇,2002,1513,0
2014,   社会科学Ⅱ辑 ,81324篇,2003,1673,0
2014,   基础科学 ,56819篇,2001,439,0
2014,   工程科技Ⅰ辑 ,106664篇,1998,15,0
2014,   工程科技Ⅱ辑 ,149897篇,1999,39,0
2014,   农业科技 ,44670篇,1998,8,0
2014,   医药卫生科技 ,48550篇,1998,5,0
2014,   哲学与人文科学 ,48550篇,1998,11,0
2014,   社会科学Ⅰ辑 ,79066篇,1998,11,0
2014,   信息科技 ,153374篇,1999,36,0
2014,   经济与管理科学 ,149797篇,1998,7,0
2014,   社会科学Ⅱ辑 ,81324篇,1999,6,0
2014,   基础科学 ,56819篇,2000,158,0
2014,   工程科技Ⅰ辑 ,106664篇,1999,22,0
2014,   工程科技Ⅱ辑 ,149897篇,2000,357,0
2014,   农业科技 ,44670篇,1999,16,0
2014,   医药卫生科技 ,48550篇,1999,8,0
2014,   哲学与人文科学 ,48550篇,1999,14,0
2014,   社会科学Ⅰ辑 ,79066篇,1999,14,0
2014,   信息科技 ,153374篇,2000,292,0
2014,   经济与管理科学 ,149797篇,1999,20,0
2014,   社会科学Ⅱ辑 ,81324篇,2000,135,0
2014,   基础科学 ,56819篇,1999,24,0
2014,   工程科技Ⅰ辑 ,106664篇,1996,11,0
2014,   工程科技Ⅱ辑 ,149897篇,1997,7,0
2014,   农业科技 ,44670篇,1996,6,0
2014,   医药卫生科技 ,48550篇,1996,5,0
2014,   哲学与人文科学 ,48550篇,1996,4,0
2014,   社会科学Ⅰ辑 ,79066篇,1996,4,0
2014,   信息科技 ,153374篇,1997,9,0
2014,   经济与管理科学 ,149797篇,1996,1,0
2014,   社会科学Ⅱ辑 ,81324篇,1997,3,0
2014,   基础科学 ,56819篇,1998,15,0
2014,   工程科技Ⅰ辑 ,106664篇,1997,20,0
2014,   工程科技Ⅱ辑 ,149897篇,1998,10,0
2014,   农业科技 ,44670篇,1997,5,0
2014,   医药卫生科技 ,48550篇,1997,4,0
2014,   哲学与人文科学 ,48550篇,1997,10,0
2014,   社会科学Ⅰ辑 ,79066篇,1997,10,0
2014,   信息科技 ,153374篇,1998,32,0
2014,   经济与管理科学 ,149797篇,1997,4,0
2014,   社会科学Ⅱ辑 ,81324篇,1998,2,0
2014,   基础科学 ,56819篇,1997,13,0
2014,   工程科技Ⅰ辑 ,106664篇,2000,208,0
2014,   工程科技Ⅱ辑 ,149897篇,2001,833,0
2014,   农业科技 ,44670篇,2000,198,0
2014,   医药卫生科技 ,48550篇,2000,50,0
2014,   哲学与人文科学 ,48550篇,2000,238,0
2014,   社会科学Ⅰ辑 ,79066篇,2000,238,0
2014,   信息科技 ,153374篇,2001,702,0
2014,   经济与管理科学 ,149797篇,2000,353,0
2014,   社会科学Ⅱ辑 ,81324篇,2001,498,0
2014,   基础科学 ,56819篇,1996,7,0
2014,   工程科技Ⅰ辑 ,106664篇,2001,541,0
2014,   工程科技Ⅱ辑 ,149897篇,2002,1845,0
2014,   农业科技 ,44670篇,2001,459,0
2014,   医药卫生科技 ,48550篇,2001,214,0
2014,   哲学与人文科学 ,48550篇,2001,617,0
2014,   社会科学Ⅰ辑 ,79066篇,2001,617,0
2014,   信息科技 ,153374篇,2002,1660,0
2014,   经济与管理科学 ,149797篇,2001,769,0
2014,   社会科学Ⅱ辑 ,81324篇,2002,869,0
2014,   基础科学 ,56819篇,1995,12,0
2014,   工程科技Ⅰ辑 ,106664篇,1995,8,0
2014,   工程科技Ⅱ辑 ,149897篇,1996,6,0
2014,   农业科技 ,44670篇,1995,1,0
2014,   医药卫生科技 ,48550篇,1995,8,0
2014,   哲学与人文科学 ,48550篇,1995,1,0
2014,   社会科学Ⅰ辑 ,79066篇,1995,1,0
2014,   信息科技 ,153374篇,1996,4,0
2014,   经济与管理科学 ,149797篇,1995,1,0
2014,   社会科学Ⅱ辑 ,81324篇,1994,1,0
2013,   基础科学 ,48947篇,2013,195,0
2013,   工程科技Ⅰ辑 ,89061篇,2013,418,0
2013,   工程科技Ⅱ辑 ,89061篇,2014,2,1
2013,   农业科技 ,37238篇,2015,1,1
2013,   医药卫生科技 ,37238篇,2013,124,0
2013,   哲学与人文科学 ,69191篇,2013,124,0
2013,   信息科技 ,132947篇,2014,5,1
2013,   经济与管理科学 ,132887篇,2014,3,1
2013,   社会科学Ⅰ辑 ,53735篇,2013,202,0
2013,   社会科学Ⅱ辑 ,67130篇,2013,239,0
2013,   基础科学 ,48947篇,2012,4396,0
2013,   工程科技Ⅰ辑 ,89061篇,2012,9786,0
2013,   工程科技Ⅱ辑 ,89061篇,2013,600,0
2013,   农业科技 ,37238篇,2013,136,0
2013,   医药卫生科技 ,37238篇,2012,4383,0
2013,   哲学与人文科学 ,69191篇,2012,4383,0
2013,   信息科技 ,132947篇,2013,712,0
2013,   经济与管理科学 ,132887篇,2013,689,0
2013,   社会科学Ⅰ辑 ,53735篇,2012,5337,0
2013,   社会科学Ⅱ辑 ,67130篇,2012,6463,0
2013,   基础科学 ,48947篇,2011,6080,0
2013,   工程科技Ⅰ辑 ,89061篇,2011,12256,0
2013,   工程科技Ⅱ辑 ,89061篇,2012,12996,0
2013,   农业科技 ,37238篇,2012,3611,0
2013,   医药卫生科技 ,37238篇,2011,5536,0
2013,   哲学与人文科学 ,69191篇,2011,5536,0
2013,   信息科技 ,132947篇,2012,13833,0
2013,   经济与管理科学 ,132887篇,2012,13021,0
2013,   社会科学Ⅰ辑 ,53735篇,2011,9940,0
2013,   社会科学Ⅱ辑 ,67130篇,2011,10718,0
2013,   基础科学 ,48947篇,2010,6288,0
2013,   工程科技Ⅰ辑 ,89061篇,2010,12238,0
2013,   工程科技Ⅱ辑 ,89061篇,2011,16392,0
2013,   农业科技 ,37238篇,2011,4641,0
2013,   医药卫生科技 ,37238篇,2010,5527,0
2013,   哲学与人文科学 ,69191篇,2010,5527,0
2013,   信息科技 ,132947篇,2011,18244,0
2013,   经济与管理科学 ,132887篇,2011,19402,0
2013,   社会科学Ⅰ辑 ,53735篇,2010,8360,0
2013,   社会科学Ⅱ辑 ,67130篇,2010,8993,0
2013,   基础科学 ,48947篇,2009,6104,0
2013,   工程科技Ⅰ辑 ,89061篇,2005,5672,0
2013,   工程科技Ⅱ辑 ,89061篇,2006,12247,0
2013,   农业科技 ,37238篇,2006,3356,0
2013,   医药卫生科技 ,37238篇,2005,1649,0
2013,   哲学与人文科学 ,69191篇,2005,1649,0
2013,   信息科技 ,132947篇,2006,11952,0
2013,   经济与管理科学 ,132887篇,2006,11774,0
2013,   社会科学Ⅰ辑 ,53735篇,2005,2978,0
2013,   社会科学Ⅱ辑 ,67130篇,2005,3857,0
2013,   基础科学 ,48947篇,2008,6606,0
2013,   工程科技Ⅰ辑 ,89061篇,2006,8154,0
2013,   工程科技Ⅱ辑 ,89061篇,2007,15975,0
2013,   农业科技 ,37238篇,2007,4197,0
2013,   医药卫生科技 ,37238篇,2006,2564,0
2013,   哲学与人文科学 ,69191篇,2006,2564,0
2013,   信息科技 ,132947篇,2007,15661,0
2013,   经济与管理科学 ,132887篇,2007,15447,0
2013,   社会科学Ⅰ辑 ,53735篇,2006,4390,0
2013,   社会科学Ⅱ辑 ,67130篇,2006,6310,0
2013,   基础科学 ,48947篇,2007,6137,0
2013,   工程科技Ⅰ辑 ,89061篇,2004,4026,0
2013,   工程科技Ⅱ辑 ,89061篇,2005,8568,0
2013,   农业科技 ,37238篇,2005,2631,0
2013,   医药卫生科技 ,37238篇,2004,1041,0
2013,   哲学与人文科学 ,69191篇,2004,1041,0
2013,   信息科技 ,132947篇,2005,7416,0
2013,   经济与管理科学 ,132887篇,2005,7829,0
2013,   社会科学Ⅰ辑 ,53735篇,2004,1974,0
2013,   社会科学Ⅱ辑 ,67130篇,2004,2566,0
2013,   基础科学 ,48947篇,2006,5029,0
2013,   工程科技Ⅰ辑 ,89061篇,2007,10270,0
2013,   工程科技Ⅱ辑 ,89061篇,2008,15390,0
2013,   农业科技 ,37238篇,2008,4711,0
2013,   医药卫生科技 ,37238篇,2007,3767,0
2013,   哲学与人文科学 ,69191篇,2007,3767,0
2013,   信息科技 ,132947篇,2008,17250,0
2013,   经济与管理科学 ,132887篇,2008,16981,0
2013,   社会科学Ⅰ辑 ,53735篇,2007,6129,0
2013,   社会科学Ⅱ辑 ,67130篇,2007,8189,0
2013,   基础科学 ,48947篇,2005,3202,0
2013,   工程科技Ⅰ辑 ,89061篇,2008,10840,0
2013,   工程科技Ⅱ辑 ,89061篇,2009,15092,0
2013,   农业科技 ,37238篇,2009,4499,0
2013,   医药卫生科技 ,37238篇,2008,4136,0
2013,   哲学与人文科学 ,69191篇,2008,4136,0
2013,   信息科技 ,132947篇,2009,18292,0
2013,   经济与管理科学 ,132887篇,2009,16692,0
2013,   社会科学Ⅰ辑 ,53735篇,2008,6191,0
2013,   社会科学Ⅱ辑 ,67130篇,2008,8503,0
2013,   基础科学 ,48947篇,2004,2033,0
2013,   工程科技Ⅰ辑 ,89061篇,2009,10845,0
2013,   工程科技Ⅱ辑 ,89061篇,2010,16433,0
2013,   农业科技 ,37238篇,2010,4879,0
2013,   医药卫生科技 ,37238篇,2009,4928,0
2013,   哲学与人文科学 ,69191篇,2009,4928,0
2013,   信息科技 ,132947篇,2010,19054,0
2013,   经济与管理科学 ,132887篇,2010,19712,0
2013,   社会科学Ⅰ辑 ,53735篇,2009,5992,0
2013,   社会科学Ⅱ辑 ,67130篇,2009,8033,0
2013,   基础科学 ,48947篇,2003,1236,0
2013,   工程科技Ⅰ辑 ,89061篇,2002,1409,0
2013,   工程科技Ⅱ辑 ,89061篇,2003,3365,0
2013,   农业科技 ,37238篇,2003,1282,0
2013,   医药卫生科技 ,37238篇,2002,411,0
2013,   哲学与人文科学 ,69191篇,2002,411,0
2013,   信息科技 ,132947篇,2003,2649,0
2013,   经济与管理科学 ,132887篇,2003,3087,0
2013,   社会科学Ⅰ辑 ,53735篇,2002,624,0
2013,   社会科学Ⅱ辑 ,67130篇,2002,932,0
2013,   基础科学 ,48947篇,2002,900,0
2013,   工程科技Ⅰ辑 ,89061篇,2003,2186,0
2013,   工程科技Ⅱ辑 ,89061篇,2004,5984,0
2013,   农业科技 ,37238篇,2004,1841,0
2013,   医药卫生科技 ,37238篇,2003,665,0
2013,   哲学与人文科学 ,69191篇,2003,665,0
2013,   信息科技 ,132947篇,2004,4806,0
2013,   经济与管理科学 ,132887篇,2004,5187,0
2013,   社会科学Ⅰ辑 ,53735篇,2003,1109,0
2013,   社会科学Ⅱ辑 ,67130篇,2003,1662,0
2013,   基础科学 ,48947篇,2001,453,0
2013,   工程科技Ⅰ辑 ,89061篇,2001,604,0
2013,   工程科技Ⅱ辑 ,89061篇,2002,1965,0
2013,   农业科技 ,37238篇,2002,689,0
2013,   医药卫生科技 ,37238篇,2001,221,0
2013,   哲学与人文科学 ,69191篇,2001,221,0
2013,   信息科技 ,132947篇,2002,1895,0
2013,   经济与管理科学 ,132887篇,2002,1804,0
2013,   社会科学Ⅰ辑 ,53735篇,2001,351,0
2013,   社会科学Ⅱ辑 ,67130篇,2001,482,0
2013,   基础科学 ,48947篇,2000,173,0
2013,   工程科技Ⅰ辑 ,89061篇,1997,15,0
2013,   工程科技Ⅱ辑 ,89061篇,1998,17,0
2013,   农业科技 ,37238篇,1998,4,0
2013,   医药卫生科技 ,37238篇,1997,10,0
2013,   哲学与人文科学 ,69191篇,1997,10,0
2013,   信息科技 ,132947篇,1998,35,0
2013,   经济与管理科学 ,132887篇,1998,9,0
2013,   社会科学Ⅰ辑 ,53735篇,1997,4,0
2013,   社会科学Ⅱ辑 ,67130篇,1997,5,0
2013,   基础科学 ,48947篇,1999,34,0
2013,   工程科技Ⅰ辑 ,89061篇,1998,18,0
2013,   工程科技Ⅱ辑 ,89061篇,1999,46,0
2013,   农业科技 ,37238篇,1999,19,0
2013,   医药卫生科技 ,37238篇,1998,4,0
2013,   哲学与人文科学 ,69191篇,1998,4,0
2013,   信息科技 ,132947篇,1999,45,0
2013,   经济与管理科学 ,132887篇,1999,28,0
2013,   社会科学Ⅰ辑 ,53735篇,1998,5,0
2013,   社会科学Ⅱ辑 ,67130篇,1998,2,0
2013,   基础科学 ,48947篇,1998,13,0
2013,   工程科技Ⅰ辑 ,89061篇,1995,13,0
2013,   工程科技Ⅱ辑 ,89061篇,1996,6,0
2013,   农业科技 ,37238篇,1996,8,0
2013,   医药卫生科技 ,37238篇,1995,8,0
2013,   哲学与人文科学 ,69191篇,1995,8,0
2013,   信息科技 ,132947篇,1996,5,0
2013,   经济与管理科学 ,132887篇,1996,2,0
2013,   社会科学Ⅰ辑 ,53735篇,1995,1,0
2013,   社会科学Ⅱ辑 ,67130篇,1994,2,0
2013,   基础科学 ,48947篇,1997,12,0
2013,   工程科技Ⅰ辑 ,89061篇,1996,9,0
2013,   工程科技Ⅱ辑 ,89061篇,1997,7,0
2013,   农业科技 ,37238篇,1997,3,0
2013,   医药卫生科技 ,37238篇,1996,5,0
2013,   哲学与人文科学 ,69191篇,1996,5,0
2013,   信息科技 ,132947篇,1997,6,0
2013,   经济与管理科学 ,132887篇,1997,2,0
2013,   社会科学Ⅰ辑 ,53735篇,1996,2,0
2013,   社会科学Ⅱ辑 ,67130篇,1995,1,0
2013,   基础科学 ,48947篇,1996,7,0
2013,   工程科技Ⅰ辑 ,89061篇,1999,29,0
2013,   工程科技Ⅱ辑 ,89061篇,2000,388,0
2013,   农业科技 ,37238篇,2000,223,0
2013,   医药卫生科技 ,37238篇,1999,11,0
2013,   哲学与人文科学 ,69191篇,1999,11,0
2013,   信息科技 ,132947篇,2000,311,0
2013,   经济与管理科学 ,132887篇,2000,374,0
2013,   社会科学Ⅰ辑 ,53735篇,1999,4,0
2013,   社会科学Ⅱ辑 ,67130篇,1999,6,0
2013,   基础科学 ,48947篇,1995,12,0
2013,   工程科技Ⅰ辑 ,89061篇,2000,251,0
2013,   工程科技Ⅱ辑 ,89061篇,2001,903,0
2013,   农业科技 ,37238篇,2001,498,0
2013,   医药卫生科技 ,37238篇,2000,60,0
2013,   哲学与人文科学 ,69191篇,2000,60,0
2013,   信息科技 ,132947篇,2001,768,0
2013,   经济与管理科学 ,132887篇,2001,843,0
2013,   社会科学Ⅰ辑 ,53735篇,2000,132,0
2013,   社会科学Ⅱ辑 ,67130篇,2000,165,0
2013,   基础科学 ,48947篇,1994,11,0
2013,   工程科技Ⅰ辑 ,89061篇,1994,4,0
2013,   工程科技Ⅱ辑 ,89061篇,1995,8,0
2013,   农业科技 ,37238篇,1995,1,0
2013,   医药卫生科技 ,37238篇,1994,4,0
2013,   哲学与人文科学 ,69191篇,1994,4,0
2013,   信息科技 ,132947篇,1995,4,0
2013,   经济与管理科学 ,132887篇,1990,1,0
2013,   社会科学Ⅰ辑 ,53735篇,1994,4,0
2013,   社会科学Ⅱ辑 ,67130篇,1993,2,0
2012,   基础科学 ,44421篇,2012,242,0
2012,   工程科技Ⅰ辑 ,77614篇,2013,2,1
2012,   工程科技Ⅱ辑 ,110010篇,2014,2,1
2012,   农业科技 ,33327篇,2012,125,0
2012,   医药卫生科技 ,29330篇,2012,96,0
2012,   哲学与人文科学 ,29330篇,2014,1,1
2012,   社会科学Ⅰ辑 ,59344篇,2012,157,0
2012,   信息科技 ,119011篇,2013,1,1
2012,   经济与管理科学 ,117445篇,2015,1,1
2012,   社会科学Ⅱ辑 ,56178篇,2013,5,1
2012,   基础科学 ,44421篇,2011,4152,0
2012,   工程科技Ⅰ辑 ,77614篇,2012,470,0
2012,   工程科技Ⅱ辑 ,110010篇,2013,1,1
2012,   农业科技 ,33327篇,2011,3285,0
2012,   医药卫生科技 ,29330篇,2011,3548,0
2012,   哲学与人文科学 ,29330篇,2012,227,0
2012,   社会科学Ⅰ辑 ,59344篇,2011,5838,0
2012,   信息科技 ,119011篇,2012,778,0
2012,   经济与管理科学 ,117445篇,2013,5,1
2012,   社会科学Ⅱ辑 ,56178篇,2012,230,0
2012,   基础科学 ,44421篇,2010,6106,0
2012,   工程科技Ⅰ辑 ,77614篇,2011,8370,0
2012,   工程科技Ⅱ辑 ,110010篇,2012,847,0
2012,   农业科技 ,33327篇,2010,4692,0
2012,   医药卫生科技 ,29330篇,2010,5038,0
2012,   哲学与人文科学 ,29330篇,2011,4984,0
2012,   社会科学Ⅰ辑 ,59344篇,2010,8039,0
2012,   信息科技 ,119011篇,2011,12513,0
2012,   经济与管理科学 ,117445篇,2012,673,0
2012,   社会科学Ⅱ辑 ,56178篇,2011,5686,0
2012,   基础科学 ,44421篇,2009,6110,0
2012,   工程科技Ⅰ辑 ,77614篇,2010,11495,0
2012,   工程科技Ⅱ辑 ,110010篇,2011,11242,0
2012,   农业科技 ,33327篇,2009,4490,0
2012,   医药卫生科技 ,29330篇,2009,4846,0
2012,   哲学与人文科学 ,29330篇,2010,8525,0
2012,   社会科学Ⅰ辑 ,59344篇,2009,6248,0
2012,   信息科技 ,119011篇,2010,18441,0
2012,   经济与管理科学 ,117445篇,2011,11876,0
2012,   社会科学Ⅱ辑 ,56178篇,2010,8302,0
2012,   基础科学 ,44421篇,2008,6993,0
2012,   工程科技Ⅰ辑 ,77614篇,2005,6070,0
2012,   工程科技Ⅱ辑 ,110010篇,2006,12837,0
2012,   农业科技 ,33327篇,2004,2034,0
2012,   医药卫生科技 ,29330篇,2004,1126,0
2012,   哲学与人文科学 ,29330篇,2005,4540,0
2012,   社会科学Ⅰ辑 ,59344篇,2004,2214,0
2012,   信息科技 ,119011篇,2005,8148,0
2012,   经济与管理科学 ,117445篇,2006,12774,0
2012,   社会科学Ⅱ辑 ,56178篇,2005,3882,0
2012,   基础科学 ,44421篇,2007,6542,0
2012,   工程科技Ⅰ辑 ,77614篇,2006,8802,0
2012,   工程科技Ⅱ辑 ,110010篇,2007,16453,0
2012,   农业科技 ,33327篇,2005,2875,0
2012,   医药卫生科技 ,29330篇,2005,1827,0
2012,   哲学与人文科学 ,29330篇,2006,6877,0
2012,   社会科学Ⅰ辑 ,59344篇,2005,3446,0
2012,   信息科技 ,119011篇,2006,13204,0
2012,   经济与管理科学 ,117445篇,2007,16841,0
2012,   社会科学Ⅱ辑 ,56178篇,2006,6582,0
2012,   基础科学 ,44421篇,2006,5469,0
2012,   工程科技Ⅰ辑 ,77614篇,2004,4375,0
2012,   工程科技Ⅱ辑 ,110010篇,2005,9044,0
2012,   农业科技 ,33327篇,2003,1396,0
2012,   医药卫生科技 ,29330篇,2003,699,0
2012,   哲学与人文科学 ,29330篇,2004,3413,0
2012,   社会科学Ⅰ辑 ,59344篇,2003,1261,0
2012,   信息科技 ,119011篇,2004,5346,0
2012,   经济与管理科学 ,117445篇,2005,8487,0
2012,   社会科学Ⅱ辑 ,56178篇,2004,2678,0
2012,   基础科学 ,44421篇,2005,3497,0
2012,   工程科技Ⅰ辑 ,77614篇,2007,10838,0
2012,   工程科技Ⅱ辑 ,110010篇,2008,15509,0
2012,   农业科技 ,33327篇,2006,3570,0
2012,   医药卫生科技 ,29330篇,2006,2930,0
2012,   哲学与人文科学 ,29330篇,2007,9247,0
2012,   社会科学Ⅰ辑 ,59344篇,2006,5136,0
2012,   信息科技 ,119011篇,2007,16913,0
2012,   经济与管理科学 ,117445篇,2008,18340,0
2012,   社会科学Ⅱ辑 ,56178篇,2007,8550,0
2012,   基础科学 ,44421篇,2004,2241,0
2012,   工程科技Ⅰ辑 ,77614篇,2008,11207,0
2012,   工程科技Ⅱ辑 ,110010篇,2009,15094,0
2012,   农业科技 ,33327篇,2007,4343,0
2012,   医药卫生科技 ,29330篇,2007,4134,0
2012,   哲学与人文科学 ,29330篇,2008,8704,0
2012,   社会科学Ⅰ辑 ,59344篇,2007,7232,0
2012,   信息科技 ,119011篇,2008,18415,0
2012,   经济与管理科学 ,117445篇,2009,17229,0
2012,   社会科学Ⅱ辑 ,56178篇,2008,8689,0
2012,   基础科学 ,44421篇,2003,1319,0
2012,   工程科技Ⅰ辑 ,77614篇,2009,10983,0
2012,   工程科技Ⅱ辑 ,110010篇,2010,15480,0
2012,   农业科技 ,33327篇,2008,4908,0
2012,   医药卫生科技 ,29330篇,2008,4351,0
2012,   哲学与人文科学 ,29330篇,2009,8273,0
2012,   社会科学Ⅰ辑 ,59344篇,2008,6974,0
2012,   信息科技 ,119011篇,2009,18865,0
2012,   经济与管理科学 ,117445篇,2010,18837,0
2012,   社会科学Ⅱ辑 ,56178篇,2009,8052,0
2012,   基础科学 ,44421篇,2002,910,0
2012,   工程科技Ⅰ辑 ,77614篇,2002,1562,0
2012,   工程科技Ⅱ辑 ,110010篇,2003,3578,0
2012,   农业科技 ,33327篇,2001,507,0
2012,   医药卫生科技 ,29330篇,2001,222,0
2012,   哲学与人文科学 ,29330篇,2002,1326,0
2012,   社会科学Ⅰ辑 ,59344篇,2001,375,0
2012,   信息科技 ,119011篇,2002,2101,0
2012,   经济与管理科学 ,117445篇,2003,3312,0
2012,   社会科学Ⅱ辑 ,56178篇,2002,1038,0
2012,   基础科学 ,44421篇,2001,535,0
2012,   工程科技Ⅰ辑 ,77614篇,2003,2384,0
2012,   工程科技Ⅱ辑 ,110010篇,2004,6387,0
2012,   农业科技 ,33327篇,2002,804,0
2012,   医药卫生科技 ,29330篇,2002,396,0
2012,   哲学与人文科学 ,29330篇,2003,2124,0
2012,   社会科学Ⅰ辑 ,59344篇,2002,744,0
2012,   信息科技 ,119011篇,2003,3008,0
2012,   经济与管理科学 ,117445篇,2004,5684,0
2012,   社会科学Ⅱ辑 ,56178篇,2003,1746,0
2012,   基础科学 ,44421篇,2000,199,0
2012,   工程科技Ⅰ辑 ,77614篇,2001,650,0
2012,   工程科技Ⅱ辑 ,110010篇,2002,2063,0
2012,   农业科技 ,33327篇,2000,248,0
2012,   医药卫生科技 ,29330篇,2000,66,0
2012,   哲学与人文科学 ,29330篇,2001,732,0
2012,   社会科学Ⅰ辑 ,59344篇,2000,148,0
2012,   信息科技 ,119011篇,2001,844,0
2012,   经济与管理科学 ,117445篇,2002,1952,0
2012,   社会科学Ⅱ辑 ,56178篇,2001,547,0
2012,   基础科学 ,44421篇,1999,29,0
2012,   工程科技Ⅰ辑 ,77614篇,1997,24,0
2012,   工程科技Ⅱ辑 ,110010篇,1998,16,0
2012,   农业科技 ,33327篇,1996,7,0
2012,   医药卫生科技 ,29330篇,1996,5,0
2012,   哲学与人文科学 ,29330篇,1997,8,0
2012,   社会科学Ⅰ辑 ,59344篇,1996,4,0
2012,   信息科技 ,119011篇,1997,16,0
2012,   经济与管理科学 ,117445篇,1998,10,0
2012,   社会科学Ⅱ辑 ,56178篇,1997,3,0
2012,   基础科学 ,44421篇,1998,11,0
2012,   工程科技Ⅰ辑 ,77614篇,1998,22,0
2012,   工程科技Ⅱ辑 ,110010篇,1999,53,0
2012,   农业科技 ,33327篇,1997,5,0
2012,   医药卫生科技 ,29330篇,1997,12,0
2012,   哲学与人文科学 ,29330篇,1998,8,0
2012,   社会科学Ⅰ辑 ,59344篇,1997,2,0
2012,   信息科技 ,119011篇,1998,32,0
2012,   经济与管理科学 ,117445篇,1999,26,0
2012,   社会科学Ⅱ辑 ,56178篇,1998,3,0
2012,   基础科学 ,44421篇,1997,15,0
2012,   工程科技Ⅰ辑 ,77614篇,1995,10,0
2012,   工程科技Ⅱ辑 ,110010篇,1996,8,0
2012,   农业科技 ,33327篇,1994,4,0
2012,   医药卫生科技 ,29330篇,1994,7,0
2012,   哲学与人文科学 ,29330篇,1994,2,0
2012,   社会科学Ⅰ辑 ,59344篇,1994,1,0
2012,   信息科技 ,119011篇,1995,4,0
2012,   经济与管理科学 ,117445篇,1996,3,0
2012,   社会科学Ⅱ辑 ,56178篇,,,0
2012,   基础科学 ,44421篇,1996,4,0
2012,   工程科技Ⅰ辑 ,77614篇,1996,10,0
2012,   工程科技Ⅱ辑 ,110010篇,1997,11,0
2012,   农业科技 ,33327篇,1995,2,0
2012,   医药卫生科技 ,29330篇,1995,7,0
2012,   哲学与人文科学 ,29330篇,1996,2,0
2012,   社会科学Ⅰ辑 ,59344篇,1995,3,0
2012,   信息科技 ,119011篇,1996,5,0
2012,   经济与管理科学 ,117445篇,1997,3,0
2012,   社会科学Ⅱ辑 ,56178篇,1995,1,0
2012,   基础科学 ,44421篇,1995,6,0
2012,   工程科技Ⅰ辑 ,77614篇,1999,29,0
2012,   工程科技Ⅱ辑 ,110010篇,2000,435,0
2012,   农业科技 ,33327篇,1998,12,0
2012,   医药卫生科技 ,29330篇,1998,8,0
2012,   哲学与人文科学 ,29330篇,1999,15,0
2012,   社会科学Ⅰ辑 ,59344篇,1998,4,0
2012,   信息科技 ,119011篇,1999,46,0
2012,   经济与管理科学 ,117445篇,2000,407,0
2012,   社会科学Ⅱ辑 ,56178篇,1999,6,0
2012,   基础科学 ,44421篇,1994,10,0
2012,   工程科技Ⅰ辑 ,77614篇,2000,283,0
2012,   工程科技Ⅱ辑 ,110010篇,2001,922,0
2012,   农业科技 ,33327篇,1999,18,0
2012,   医药卫生科技 ,29330篇,1999,7,0
2012,   哲学与人文科学 ,29330篇,2000,328,0
2012,   社会科学Ⅰ辑 ,59344篇,1999,7,0
2012,   信息科技 ,119011篇,2000,326,0
2012,   经济与管理科学 ,117445篇,2001,974,0
2012,   社会科学Ⅱ辑 ,56178篇,2000,178,0
2012,   基础科学 ,44421篇,1993,1,0
2012,   工程科技Ⅰ辑 ,77614篇,1994,2,0
2012,   工程科技Ⅱ辑 ,110010篇,1995,6,0
2012,   农业科技 ,33327篇,1989,1,0
2012,   医药卫生科技 ,29330篇,1993,2,0
2012,   哲学与人文科学 ,29330篇,1993,1,0
2012,   社会科学Ⅰ辑 ,59344篇,1993,2,0
2012,   信息科技 ,119011篇,1994,2,0
2012,   经济与管理科学 ,117445篇,1995,5,0
2012,   社会科学Ⅱ辑 ,56178篇,,,0
2011,   基础科学 ,92864篇,2013,2,1
2011,   工程科技Ⅰ辑 ,58621篇,2013,1,1
2011,   工程科技Ⅱ辑 ,58621篇,2013,1,1
2011,   农业科技 ,26233篇,2013,2,1
2011,   医药卫生科技 ,20359篇,2013,2,1
2011,   哲学与人文科学 ,20359篇,2012,3,1
2011,   社会科学Ⅰ辑 ,40164篇,2013,2,1
2011,   信息科技 ,94970篇,2011,632,0
2011,   经济与管理科学 ,92864篇,2013,4,1
2011,   社会科学Ⅱ辑 ,46014篇,2014,2,1
2011,   基础科学 ,92864篇,2012,3,1
2011,   工程科技Ⅰ辑 ,58621篇,2011,349,0
2011,   工程科技Ⅱ辑 ,58621篇,2012,7,1
2011,   农业科技 ,26233篇,2012,2,1
2011,   医药卫生科技 ,20359篇,2012,2,1
2011,   哲学与人文科学 ,20359篇,2011,156,0
2011,   社会科学Ⅰ辑 ,40164篇,2012,1,1
2011,   信息科技 ,94970篇,2010,10844,0
2011,   经济与管理科学 ,92864篇,2012,4,1
2011,   社会科学Ⅱ辑 ,46014篇,2013,2,1
2011,   基础科学 ,92864篇,2011,196,0
2011,   工程科技Ⅰ辑 ,58621篇,2010,6328,0
2011,   工程科技Ⅱ辑 ,58621篇,2011,587,0
2011,   农业科技 ,26233篇,2011,122,0
2011,   医药卫生科技 ,20359篇,2011,122,0
2011,   哲学与人文科学 ,20359篇,2010,3530,0
2011,   社会科学Ⅰ辑 ,40164篇,2011,237,0
2011,   信息科技 ,94970篇,2009,16643,0
2011,   经济与管理科学 ,92864篇,2011,572,0
2011,   社会科学Ⅱ辑 ,46014篇,2012,3,1
2011,   基础科学 ,92864篇,2010,3617,0
2011,   工程科技Ⅰ辑 ,58621篇,2009,8805,0
2011,   工程科技Ⅱ辑 ,58621篇,2010,8767,0
2011,   农业科技 ,26233篇,2010,2666,0
2011,   医药卫生科技 ,20359篇,2010,2666,0
2011,   哲学与人文科学 ,20359篇,2009,7045,0
2011,   社会科学Ⅰ辑 ,40164篇,2010,4351,0
2011,   信息科技 ,94970篇,2008,17474,0
2011,   经济与管理科学 ,92864篇,2010,9622,0
2011,   社会科学Ⅱ辑 ,46014篇,2011,205,0
2011,   基础科学 ,92864篇,2009,5466,0
2011,   工程科技Ⅰ辑 ,58621篇,2004,4191,0
2011,   工程科技Ⅱ辑 ,58621篇,2005,8500,0
2011,   农业科技 ,26233篇,2005,2689,0
2011,   医药卫生科技 ,20359篇,2005,2689,0
2011,   哲学与人文科学 ,20359篇,2004,3312,0
2011,   社会科学Ⅰ辑 ,40164篇,2005,3737,0
2011,   信息科技 ,94970篇,2003,2937,0
2011,   经济与管理科学 ,92864篇,2005,8499,0
2011,   社会科学Ⅱ辑 ,46014篇,2006,6603,0
2011,   基础科学 ,92864篇,2008,6462,0
2011,   工程科技Ⅰ辑 ,58621篇,2005,5841,0
2011,   工程科技Ⅱ辑 ,58621篇,2006,12045,0
2011,   农业科技 ,26233篇,2006,3408,0
2011,   医药卫生科技 ,20359篇,2006,3408,0
2011,   哲学与人文科学 ,20359篇,2005,4304,0
2011,   社会科学Ⅰ辑 ,40164篇,2006,5497,0
2011,   信息科技 ,94970篇,2004,5297,0
2011,   经济与管理科学 ,92864篇,2006,12625,0
2011,   社会科学Ⅱ辑 ,46014篇,2007,8600,0
2011,   基础科学 ,92864篇,2007,6227,0
2011,   工程科技Ⅰ辑 ,58621篇,2003,2298,0
2011,   工程科技Ⅱ辑 ,58621篇,2004,5961,0
2011,   农业科技 ,26233篇,2004,1966,0
2011,   医药卫生科技 ,20359篇,2004,1966,0
2011,   哲学与人文科学 ,20359篇,2003,2122,0
2011,   社会科学Ⅰ辑 ,40164篇,2004,2393,0
2011,   信息科技 ,94970篇,2002,2093,0
2011,   经济与管理科学 ,92864篇,2004,5619,0
2011,   社会科学Ⅱ辑 ,46014篇,2005,3995,0
2011,   基础科学 ,92864篇,2006,5402,0
2011,   工程科技Ⅰ辑 ,58621篇,2006,8337,0
2011,   工程科技Ⅱ辑 ,58621篇,2007,14996,0
2011,   农业科技 ,26233篇,2007,4122,0
2011,   医药卫生科技 ,20359篇,2007,4122,0
2011,   哲学与人文科学 ,20359篇,2006,6401,0
2011,   社会科学Ⅰ辑 ,40164篇,2007,7565,0
2011,   信息科技 ,94970篇,2005,8045,0
2011,   经济与管理科学 ,92864篇,2007,16239,0
2011,   社会科学Ⅱ辑 ,46014篇,2008,8733,0
2011,   基础科学 ,92864篇,2005,3406,0
2011,   工程科技Ⅰ辑 ,58621篇,2007,10010,0
2011,   工程科技Ⅱ辑 ,58621篇,2008,13847,0
2011,   农业科技 ,26233篇,2008,4491,0
2011,   医药卫生科技 ,20359篇,2008,4491,0
2011,   哲学与人文科学 ,20359篇,2007,8676,0
2011,   社会科学Ⅰ辑 ,40164篇,2008,7330,0
2011,   信息科技 ,94970篇,2006,13104,0
2011,   经济与管理科学 ,92864篇,2008,17328,0
2011,   社会科学Ⅱ辑 ,46014篇,2009,7517,0
2011,   基础科学 ,92864篇,2004,2184,0
2011,   工程科技Ⅰ辑 ,58621篇,2008,9879,0
2011,   工程科技Ⅱ辑 ,58621篇,2009,12294,0
2011,   农业科技 ,26233篇,2009,3809,0
2011,   医药卫生科技 ,20359篇,2009,3809,0
2011,   哲学与人文科学 ,20359篇,2008,8178,0
2011,   社会科学Ⅰ辑 ,40164篇,2009,6328,0
2011,   信息科技 ,94970篇,2007,16533,0
2011,   经济与管理科学 ,92864篇,2009,15382,0
2011,   社会科学Ⅱ辑 ,46014篇,2010,3950,0
2011,   基础科学 ,92864篇,2003,1312,0
2011,   工程科技Ⅰ辑 ,58621篇,2001,666,0
2011,   工程科技Ⅱ辑 ,58621篇,2002,2086,0
2011,   农业科技 ,26233篇,2002,769,0
2011,   医药卫生科技 ,20359篇,2002,769,0
2011,   哲学与人文科学 ,20359篇,2001,705,0
2011,   社会科学Ⅰ辑 ,40164篇,2002,747,0
2011,   信息科技 ,94970篇,2000,358,0
2011,   经济与管理科学 ,92864篇,2002,2023,0
2011,   社会科学Ⅱ辑 ,46014篇,2003,1853,0
2011,   基础科学 ,92864篇,2002,951,0
2011,   工程科技Ⅰ辑 ,58621篇,2002,1549,0
2011,   工程科技Ⅱ辑 ,58621篇,2003,3424,0
2011,   农业科技 ,26233篇,2003,1367,0
2011,   医药卫生科技 ,20359篇,2003,1367,0
2011,   哲学与人文科学 ,20359篇,2002,1293,0
2011,   社会科学Ⅰ辑 ,40164篇,2003,1380,0
2011,   信息科技 ,94970篇,2001,902,0
2011,   经济与管理科学 ,92864篇,2003,3377,0
2011,   社会科学Ⅱ辑 ,46014篇,2004,2746,0
2011,   基础科学 ,92864篇,2001,497,0
2011,   工程科技Ⅰ辑 ,58621篇,2000,266,0
2011,   工程科技Ⅱ辑 ,58621篇,2001,938,0
2011,   农业科技 ,26233篇,2001,522,0
2011,   医药卫生科技 ,20359篇,2001,522,0
2011,   哲学与人文科学 ,20359篇,2000,306,0
2011,   社会科学Ⅰ辑 ,40164篇,2001,396,0
2011,   信息科技 ,94970篇,1999,47,0
2011,   经济与管理科学 ,92864篇,2001,1048,0
2011,   社会科学Ⅱ辑 ,46014篇,2002,1033,0
2011,   基础科学 ,92864篇,2000,205,0
2011,   工程科技Ⅰ辑 ,58621篇,1996,7,0
2011,   工程科技Ⅱ辑 ,58621篇,1997,8,0
2011,   农业科技 ,26233篇,1997,4,0
2011,   医药卫生科技 ,20359篇,1997,4,0
2011,   哲学与人文科学 ,20359篇,1996,3,0
2011,   社会科学Ⅰ辑 ,40164篇,1997,5,0
2011,   信息科技 ,94970篇,1995,7,0
2011,   经济与管理科学 ,92864篇,1997,4,0
2011,   社会科学Ⅱ辑 ,46014篇,1998,2,0
2011,   基础科学 ,92864篇,1999,30,0
2011,   工程科技Ⅰ辑 ,58621篇,1997,20,0
2011,   工程科技Ⅱ辑 ,58621篇,1998,16,0
2011,   农业科技 ,26233篇,1998,12,0
2011,   医药卫生科技 ,20359篇,1998,12,0
2011,   哲学与人文科学 ,20359篇,1997,13,0
2011,   社会科学Ⅰ辑 ,40164篇,1998,6,0
2011,   信息科技 ,94970篇,1996,5,0
2011,   经济与管理科学 ,92864篇,1998,5,0
2011,   社会科学Ⅱ辑 ,46014篇,1999,7,0
2011,   基础科学 ,92864篇,1998,18,0
2011,   工程科技Ⅰ辑 ,58621篇,1994,1,0
2011,   工程科技Ⅱ辑 ,58621篇,1995,11,0
2011,   农业科技 ,26233篇,1995,3,0
2011,   医药卫生科技 ,20359篇,1995,3,0
2011,   哲学与人文科学 ,20359篇,1994,1,0
2011,   社会科学Ⅰ辑 ,40164篇,1995,3,0
2011,   信息科技 ,94970篇,1993,1,0
2011,   经济与管理科学 ,92864篇,1995,4,0
2011,   社会科学Ⅱ辑 ,46014篇,1995,1,0
2011,   基础科学 ,92864篇,1997,10,0
2011,   工程科技Ⅰ辑 ,58621篇,1995,9,0
2011,   工程科技Ⅱ辑 ,58621篇,1996,8,0
2011,   农业科技 ,26233篇,1996,5,0
2011,   医药卫生科技 ,20359篇,1996,5,0
2011,   哲学与人文科学 ,20359篇,1995,4,0
2011,   社会科学Ⅰ辑 ,40164篇,1996,4,0
2011,   信息科技 ,94970篇,1994,2,0
2011,   经济与管理科学 ,92864篇,1996,1,0
2011,   社会科学Ⅱ辑 ,46014篇,1997,3,0
2011,   基础科学 ,92864篇,1996,9,0
2011,   工程科技Ⅰ辑 ,58621篇,1998,21,0
2011,   工程科技Ⅱ辑 ,58621篇,1999,58,0
2011,   农业科技 ,26233篇,1999,16,0
2011,   医药卫生科技 ,20359篇,1999,16,0
2011,   哲学与人文科学 ,20359篇,1998,10,0
2011,   社会科学Ⅰ辑 ,40164篇,1999,9,0
2011,   信息科技 ,94970篇,1997,8,0
2011,   经济与管理科学 ,92864篇,1999,29,0
2011,   社会科学Ⅱ辑 ,46014篇,2000,197,0
2011,   基础科学 ,92864篇,1995,9,0
2011,   工程科技Ⅰ辑 ,58621篇,1999,29,0
2011,   工程科技Ⅱ辑 ,58621篇,2000,436,0
2011,   农业科技 ,26233篇,2000,251,0
2011,   医药卫生科技 ,20359篇,2000,251,0
2011,   哲学与人文科学 ,20359篇,1999,16,0
2011,   社会科学Ⅰ辑 ,40164篇,2000,166,0
2011,   信息科技 ,94970篇,1998,37,0
2011,   经济与管理科学 ,92864篇,2000,475,0
2011,   社会科学Ⅱ辑 ,46014篇,2001,560,0
2011,   基础科学 ,92864篇,1994,8,0
2011,   工程科技Ⅰ辑 ,58621篇,1993,1,0
2011,   工程科技Ⅱ辑 ,58621篇,1994,8,0
2011,   农业科技 ,26233篇,1994,3,0
2011,   医药卫生科技 ,20359篇,1994,3,0
2011,   哲学与人文科学 ,20359篇,1993,1,0
2011,   社会科学Ⅰ辑 ,40164篇,1994,4,0
2011,   信息科技 ,94970篇,1989,1,0
2011,   经济与管理科学 ,92864篇,1994,1,0
2011,   社会科学Ⅱ辑 ,46014篇,1994,1,0
2010,   基础科学 ,28101篇,2012,1,1
2010,   工程科技Ⅰ辑 ,44104篇,2014,1,1
2010,   工程科技Ⅱ辑 ,66104篇,2012,2,1
2010,   农业科技 ,21808篇,2011,1,1
2010,   医药卫生科技 ,13966篇,2010,63,0
2010,   社会科学Ⅰ辑 ,29196篇,2012,2,1
2010,   信息科技 ,73985篇,2012,3,1
2010,   经济与管理科学 ,72043篇,2014,1,1
2010,   哲学与人文科学 ,32867篇,2013,1,1
2010,   社会科学Ⅱ辑 ,32525篇,2012,1,1
2010,   基础科学 ,28101篇,2011,1,1
2010,   工程科技Ⅰ辑 ,44104篇,2012,1,1
2010,   工程科技Ⅱ辑 ,66104篇,2011,2,1
2010,   农业科技 ,21808篇,2010,118,0
2010,   医药卫生科技 ,13966篇,2009,1911,0
2010,   社会科学Ⅰ辑 ,29196篇,2011,3,1
2010,   信息科技 ,73985篇,2011,1,1
2010,   经济与管理科学 ,72043篇,2012,4,1
2010,   哲学与人文科学 ,32867篇,2010,94,0
2010,   社会科学Ⅱ辑 ,32525篇,2011,2,1
2010,   基础科学 ,28101篇,2010,217,0
2010,   工程科技Ⅰ辑 ,44104篇,2011,2,1
2010,   工程科技Ⅱ辑 ,66104篇,2010,620,0
2010,   农业科技 ,21808篇,2009,2564,0
2010,   医药卫生科技 ,13966篇,2008,2756,0
2010,   社会科学Ⅰ辑 ,29196篇,2010,189,0
2010,   信息科技 ,73985篇,2010,646,0
2010,   经济与管理科学 ,72043篇,2011,8,1
2010,   哲学与人文科学 ,32867篇,2009,2888,0
2010,   社会科学Ⅱ辑 ,32525篇,2010,172,0
2010,   基础科学 ,28101篇,2009,3240,0
2010,   工程科技Ⅰ辑 ,44104篇,2010,315,0
2010,   工程科技Ⅱ辑 ,66104篇,2009,7638,0
2010,   农业科技 ,21808篇,2008,3726,0
2010,   医药卫生科技 ,13966篇,2007,3088,0
2010,   社会科学Ⅰ辑 ,29196篇,2009,3225,0
2010,   信息科技 ,73985篇,2009,10094,0
2010,   经济与管理科学 ,72043篇,2010,561,0
2010,   哲学与人文科学 ,32867篇,2008,5777,0
2010,   社会科学Ⅱ辑 ,32525篇,2009,3426,0
2010,   基础科学 ,28101篇,2008,5346,0
2010,   工程科技Ⅰ辑 ,44104篇,2005,5616,0
2010,   工程科技Ⅱ辑 ,66104篇,2004,5992,0
2010,   农业科技 ,21808篇,2003,1460,0
2010,   医药卫生科技 ,13966篇,2002,367,0
2010,   社会科学Ⅰ辑 ,29196篇,2004,2205,0
2010,   信息科技 ,73985篇,2004,5337,0
2010,   经济与管理科学 ,72043篇,2005,8432,0
2010,   哲学与人文科学 ,32867篇,2003,1870,0
2010,   社会科学Ⅱ辑 ,32525篇,2004,2402,0
2010,   基础科学 ,28101篇,2007,5586,0
2010,   工程科技Ⅰ辑 ,44104篇,2006,7892,0
2010,   工程科技Ⅱ辑 ,66104篇,2005,8294,0
2010,   农业科技 ,21808篇,2004,1980,0
2010,   医药卫生科技 ,13966篇,2003,595,0
2010,   社会科学Ⅰ辑 ,29196篇,2005,3406,0
2010,   信息科技 ,73985篇,2005,8062,0
2010,   经济与管理科学 ,72043篇,2006,12318,0
2010,   哲学与人文科学 ,32867篇,2004,2994,0
2010,   社会科学Ⅱ辑 ,32525篇,2005,3590,0
2010,   基础科学 ,28101篇,2006,5124,0
2010,   工程科技Ⅰ辑 ,44104篇,2004,4078,0
2010,   工程科技Ⅱ辑 ,66104篇,2003,3428,0
2010,   农业科技 ,21808篇,2002,797,0
2010,   医药卫生科技 ,13966篇,2001,203,0
2010,   社会科学Ⅰ辑 ,29196篇,2003,1234,0
2010,   信息科技 ,73985篇,2003,3056,0
2010,   经济与管理科学 ,72043篇,2004,5594,0
2010,   哲学与人文科学 ,32867篇,2002,1171,0
2010,   社会科学Ⅱ辑 ,32525篇,2003,1620,0
2010,   基础科学 ,28101篇,2005,3339,0
2010,   工程科技Ⅰ辑 ,44104篇,2007,8896,0
2010,   工程科技Ⅱ辑 ,66104篇,2006,11754,0
2010,   农业科技 ,21808篇,2005,2798,0
2010,   医药卫生科技 ,13966篇,2004,979,0
2010,   社会科学Ⅰ辑 ,29196篇,2006,5096,0
2010,   信息科技 ,73985篇,2006,13071,0
2010,   经济与管理科学 ,72043篇,2007,15568,0
2010,   哲学与人文科学 ,32867篇,2005,3926,0
2010,   社会科学Ⅱ辑 ,32525篇,2006,5917,0
2010,   基础科学 ,28101篇,2004,2144,0
2010,   工程科技Ⅰ辑 ,44104篇,2008,7549,0
2010,   工程科技Ⅱ辑 ,66104篇,2007,13565,0
2010,   农业科技 ,21808篇,2006,3459,0
2010,   医药卫生科技 ,13966篇,2005,1560,0
2010,   社会科学Ⅰ辑 ,29196篇,2007,6898,0
2010,   信息科技 ,73985篇,2007,15649,0
2010,   经济与管理科学 ,72043篇,2008,14360,0
2010,   哲学与人文科学 ,32867篇,2006,5803,0
2010,   社会科学Ⅱ辑 ,32525篇,2007,7273,0
2010,   基础科学 ,28101篇,2003,1311,0
2010,   工程科技Ⅰ辑 ,44104篇,2009,4876,0
2010,   工程科技Ⅱ辑 ,66104篇,2008,11209,0
2010,   农业科技 ,21808篇,2007,4038,0
2010,   医药卫生科技 ,13966篇,2006,2343,0
2010,   社会科学Ⅰ辑 ,29196篇,2008,5667,0
2010,   信息科技 ,73985篇,2008,14539,0
2010,   经济与管理科学 ,72043篇,2009,8406,0
2010,   哲学与人文科学 ,32867篇,2007,7390,0
2010,   社会科学Ⅱ辑 ,32525篇,2008,6491,0
2010,   基础科学 ,28101篇,2002,927,0
2010,   工程科技Ⅰ辑 ,44104篇,2002,1567,0
2010,   工程科技Ⅱ辑 ,66104篇,2001,957,0
2010,   农业科技 ,21808篇,2000,242,0
2010,   医药卫生科技 ,13966篇,1999,11,0
2010,   社会科学Ⅰ辑 ,29196篇,2001,384,0
2010,   信息科技 ,73985篇,2001,890,0
2010,   经济与管理科学 ,72043篇,2002,1993,0
2010,   哲学与人文科学 ,32867篇,2000,271,0
2010,   社会科学Ⅱ辑 ,32525篇,2001,489,0
2010,   基础科学 ,28101篇,2001,551,0
2010,   工程科技Ⅰ辑 ,44104篇,2003,2277,0
2010,   工程科技Ⅱ辑 ,66104篇,2002,2104,0
2010,   农业科技 ,21808篇,2001,575,0
2010,   医药卫生科技 ,13966篇,2000,48,0
2010,   社会科学Ⅰ辑 ,29196篇,2002,703,0
2010,   信息科技 ,73985篇,2002,2142,0
2010,   经济与管理科学 ,72043篇,2003,3327,0
2010,   哲学与人文科学 ,32867篇,2001,634,0
2010,   社会科学Ⅱ辑 ,32525篇,2002,957,0
2010,   基础科学 ,28101篇,2000,208,0
2010,   工程科技Ⅰ辑 ,44104篇,2001,641,0
2010,   工程科技Ⅱ辑 ,66104篇,2000,418,0
2010,   农业科技 ,21808篇,1999,20,0
2010,   医药卫生科技 ,13966篇,1998,9,0
2010,   社会科学Ⅰ辑 ,29196篇,2000,161,0
2010,   信息科技 ,73985篇,2000,369,0
2010,   经济与管理科学 ,72043篇,2001,1011,0
2010,   哲学与人文科学 ,32867篇,1999,16,0
2010,   社会科学Ⅱ辑 ,32525篇,2000,171,0
2010,   基础科学 ,28101篇,1999,33,0
2010,   工程科技Ⅰ辑 ,44104篇,1997,21,0
2010,   工程科技Ⅱ辑 ,66104篇,1996,8,0
2010,   农业科技 ,21808篇,1995,2,0
2010,   医药卫生科技 ,13966篇,1994,6,0
2010,   社会科学Ⅰ辑 ,29196篇,1996,4,0
2010,   信息科技 ,73985篇,1996,9,0
2010,   经济与管理科学 ,72043篇,1997,2,0
2010,   哲学与人文科学 ,32867篇,1995,1,0
2010,   社会科学Ⅱ辑 ,32525篇,1995,1,0
2010,   基础科学 ,28101篇,1998,22,0
2010,   工程科技Ⅰ辑 ,44104篇,1998,20,0
2010,   工程科技Ⅱ辑 ,66104篇,1997,13,0
2010,   农业科技 ,21808篇,1996,6,0
2010,   医药卫生科技 ,13966篇,1995,5,0
2010,   社会科学Ⅰ辑 ,29196篇,1997,3,0
2010,   信息科技 ,73985篇,1997,10,0
2010,   经济与管理科学 ,72043篇,1998,9,0
2010,   哲学与人文科学 ,32867篇,1996,2,0
2010,   社会科学Ⅱ辑 ,32525篇,1997,4,0
2010,   基础科学 ,28101篇,1997,11,0
2010,   工程科技Ⅰ辑 ,44104篇,1995,9,0
2010,   工程科技Ⅱ辑 ,66104篇,1994,6,0
2010,   农业科技 ,21808篇,1992,1,0
2010,   医药卫生科技 ,13966篇,1992,2,0
2010,   社会科学Ⅰ辑 ,29196篇,1994,2,0
2010,   信息科技 ,73985篇,1994,6,0
2010,   经济与管理科学 ,72043篇,1995,1,0
2010,   哲学与人文科学 ,32867篇,1993,2,0
2010,   社会科学Ⅱ辑 ,32525篇,,,0
2010,   基础科学 ,28101篇,1996,3,0
2010,   工程科技Ⅰ辑 ,44104篇,1996,14,0
2010,   工程科技Ⅱ辑 ,66104篇,1995,9,0
2010,   农业科技 ,21808篇,1994,3,0
2010,   医药卫生科技 ,13966篇,1993,2,0
2010,   社会科学Ⅰ辑 ,29196篇,1995,2,0
2010,   信息科技 ,73985篇,1995,3,0
2010,   经济与管理科学 ,72043篇,1996,2,0
2010,   哲学与人文科学 ,32867篇,1994,1,0
2010,   社会科学Ⅱ辑 ,32525篇,1994,1,0
2010,   基础科学 ,28101篇,1995,6,0
2010,   工程科技Ⅰ辑 ,44104篇,1999,27,0
2010,   工程科技Ⅱ辑 ,66104篇,1998,16,0
2010,   农业科技 ,21808篇,1997,5,0
2010,   医药卫生科技 ,13966篇,1996,2,0
2010,   社会科学Ⅰ辑 ,29196篇,1998,2,0
2010,   信息科技 ,73985篇,1998,44,0
2010,   经济与管理科学 ,72043篇,1999,31,0
2010,   哲学与人文科学 ,32867篇,1997,13,0
2010,   社会科学Ⅱ辑 ,32525篇,1998,2,0
2010,   基础科学 ,28101篇,1994,8,0
2010,   工程科技Ⅰ辑 ,44104篇,2000,282,0
2010,   工程科技Ⅱ辑 ,66104篇,1999,56,0
2010,   农业科技 ,21808篇,1998,12,0
2010,   医药卫生科技 ,13966篇,1997,10,0
2010,   社会科学Ⅰ辑 ,29196篇,1999,6,0
2010,   信息科技 ,73985篇,1999,52,0
2010,   经济与管理科学 ,72043篇,2000,410,0
2010,   哲学与人文科学 ,32867篇,1998,6,0
2010,   社会科学Ⅱ辑 ,32525篇,1999,6,0
2010,   基础科学 ,28101篇,1993,2,0
2010,   工程科技Ⅰ辑 ,44104篇,1994,4,0
2010,   工程科技Ⅱ辑 ,66104篇,1993,1,0
2010,   农业科技 ,21808篇,1990,1,0
2010,   医药卫生科技 ,13966篇,1991,4,0
2010,   社会科学Ⅰ辑 ,29196篇,1993,2,0
2010,   信息科技 ,73985篇,1993,1,0
2010,   经济与管理科学 ,72043篇,1994,2,0
2010,   哲学与人文科学 ,32867篇,1992,3,0
2010,   社会科学Ⅱ辑 ,32525篇,,,0
2009,   基础科学 ,18172篇,2009,224,0
2009,   工程科技Ⅰ辑 ,27384篇,2010,1,1
2009,   工程科技Ⅱ辑 ,44933篇,2012,1,1
2009,   农业科技 ,44933篇,2012,1,1
2009,   医药卫生科技 ,44933篇,2012,1,1
2009,   社会科学Ⅰ辑 ,18562篇,2010,1,1
2009,   信息科技 ,49801篇,2009,615,0
2009,   经济与管理科学 ,46259篇,2010,4,1
2009,   哲学与人文科学 ,19018篇,2010,1,1
2009,   社会科学Ⅱ辑 ,21323篇,2009,105,0
2009,   基础科学 ,18172篇,2008,2492,0
2009,   工程科技Ⅰ辑 ,27384篇,2009,234,0
2009,   工程科技Ⅱ辑 ,44933篇,2010,6,1
2009,   农业科技 ,44933篇,2010,6,1
2009,   医药卫生科技 ,44933篇,2010,6,1
2009,   社会科学Ⅰ辑 ,18562篇,2009,117,0
2009,   信息科技 ,49801篇,2008,7331,0
2009,   经济与管理科学 ,46259篇,2009,432,0
2009,   哲学与人文科学 ,19018篇,2009,81,0
2009,   社会科学Ⅱ辑 ,21323篇,2008,2662,0
2009,   基础科学 ,18172篇,2007,4034,0
2009,   工程科技Ⅰ辑 ,27384篇,2008,3224,0
2009,   工程科技Ⅱ辑 ,44933篇,2009,511,0
2009,   农业科技 ,44933篇,2009,511,0
2009,   医药卫生科技 ,44933篇,2009,511,0
2009,   社会科学Ⅰ辑 ,18562篇,2008,1952,0
2009,   信息科技 ,49801篇,2007,12058,0
2009,   经济与管理科学 ,46259篇,2008,6027,0
2009,   哲学与人文科学 ,19018篇,2008,1902,0
2009,   社会科学Ⅱ辑 ,21323篇,2007,5462,0
2009,   基础科学 ,18172篇,2006,4217,0
2009,   工程科技Ⅰ辑 ,27384篇,2007,5951,0
2009,   工程科技Ⅱ辑 ,44933篇,2008,5598,0
2009,   农业科技 ,44933篇,2008,5598,0
2009,   医药卫生科技 ,44933篇,2008,5598,0
2009,   社会科学Ⅰ辑 ,18562篇,2007,5246,0
2009,   信息科技 ,49801篇,2006,11413,0
2009,   经济与管理科学 ,46259篇,2007,11656,0
2009,   哲学与人文科学 ,19018篇,2007,4697,0
2009,   社会科学Ⅱ辑 ,21323篇,2006,5098,0
2009,   基础科学 ,18172篇,2005,2699,0
2009,   工程科技Ⅰ辑 ,27384篇,2002,1236,0
2009,   工程科技Ⅱ辑 ,44933篇,2003,3093,0
2009,   农业科技 ,44933篇,2003,3093,0
2009,   医药卫生科技 ,44933篇,2003,3093,0
2009,   社会科学Ⅰ辑 ,18562篇,2002,551,0
2009,   信息科技 ,49801篇,2001,854,0
2009,   经济与管理科学 ,46259篇,2002,1644,0
2009,   哲学与人文科学 ,19018篇,2002,858,0
2009,   社会科学Ⅱ辑 ,21323篇,2001,412,0
2009,   基础科学 ,18172篇,2004,1892,0
2009,   工程科技Ⅰ辑 ,27384篇,2003,1863,0
2009,   工程科技Ⅱ辑 ,44933篇,2004,5297,0
2009,   农业科技 ,44933篇,2004,5297,0
2009,   医药卫生科技 ,44933篇,2004,5297,0
2009,   社会科学Ⅰ辑 ,18562篇,2003,1066,0
2009,   信息科技 ,49801篇,2002,1963,0
2009,   经济与管理科学 ,46259篇,2003,2863,0
2009,   哲学与人文科学 ,19018篇,2003,1402,0
2009,   社会科学Ⅱ辑 ,21323篇,2002,797,0
2009,   基础科学 ,18172篇,2003,1129,0
2009,   工程科技Ⅰ辑 ,27384篇,2001,528,0
2009,   工程科技Ⅱ辑 ,44933篇,2002,1798,0
2009,   农业科技 ,44933篇,2002,1798,0
2009,   医药卫生科技 ,44933篇,2002,1798,0
2009,   社会科学Ⅰ辑 ,18562篇,2001,286,0
2009,   信息科技 ,49801篇,2000,332,0
2009,   经济与管理科学 ,46259篇,2001,782,0
2009,   哲学与人文科学 ,19018篇,2001,435,0
2009,   社会科学Ⅱ辑 ,21323篇,2000,132,0
2009,   基础科学 ,18172篇,2002,776,0
2009,   工程科技Ⅰ辑 ,27384篇,2004,3343,0
2009,   工程科技Ⅱ辑 ,44933篇,2005,7183,0
2009,   农业科技 ,44933篇,2005,7183,0
2009,   医药卫生科技 ,44933篇,2005,7183,0
2009,   社会科学Ⅰ辑 ,18562篇,2004,1866,0
2009,   信息科技 ,49801篇,2003,2771,0
2009,   经济与管理科学 ,46259篇,2004,4710,0
2009,   哲学与人文科学 ,19018篇,2004,2290,0
2009,   社会科学Ⅱ辑 ,21323篇,2003,1395,0
2009,   基础科学 ,18172篇,2001,456,0
2009,   工程科技Ⅰ辑 ,27384篇,2005,4450,0
2009,   工程科技Ⅱ辑 ,44933篇,2006,10056,0
2009,   农业科技 ,44933篇,2006,10056,0
2009,   医药卫生科技 ,44933篇,2006,10056,0
2009,   社会科学Ⅰ辑 ,18562篇,2005,2943,0
2009,   信息科技 ,49801篇,2004,4973,0
2009,   经济与管理科学 ,46259篇,2005,7200,0
2009,   哲学与人文科学 ,19018篇,2005,2872,0
2009,   社会科学Ⅱ辑 ,21323篇,2004,2158,0
2009,   基础科学 ,18172篇,2000,175,0
2009,   工程科技Ⅰ辑 ,27384篇,2006,6250,0
2009,   工程科技Ⅱ辑 ,44933篇,2007,10064,0
2009,   农业科技 ,44933篇,2007,10064,0
2009,   医药卫生科技 ,44933篇,2007,10064,0
2009,   社会科学Ⅰ辑 ,18562篇,2006,4415,0
2009,   信息科技 ,49801篇,2005,7378,0
2009,   经济与管理科学 ,46259篇,2006,10580,0
2009,   哲学与人文科学 ,19018篇,2006,4272,0
2009,   社会科学Ⅱ辑 ,21323篇,2005,3090,0
2009,   基础科学 ,18172篇,1999,20,0
2009,   工程科技Ⅰ辑 ,27384篇,1999,22,0
2009,   工程科技Ⅱ辑 ,44933篇,2000,362,0
2009,   农业科技 ,44933篇,2000,362,0
2009,   医药卫生科技 ,44933篇,2000,362,0
2009,   社会科学Ⅰ辑 ,18562篇,1999,4,0
2009,   信息科技 ,49801篇,1998,37,0
2009,   经济与管理科学 ,46259篇,1999,25,0
2009,   哲学与人文科学 ,19018篇,1999,8,0
2009,   社会科学Ⅱ辑 ,21323篇,1998,1,0
2009,   基础科学 ,18172篇,1998,13,0
2009,   工程科技Ⅰ辑 ,27384篇,2000,219,0
2009,   工程科技Ⅱ辑 ,44933篇,2001,858,0
2009,   农业科技 ,44933篇,2001,858,0
2009,   医药卫生科技 ,44933篇,2001,858,0
2009,   社会科学Ⅰ辑 ,18562篇,2000,101,0
2009,   信息科技 ,49801篇,1999,50,0
2009,   经济与管理科学 ,46259篇,2000,317,0
2009,   哲学与人文科学 ,19018篇,2000,184,0
2009,   社会科学Ⅱ辑 ,21323篇,1999,4,0
2009,   基础科学 ,18172篇,1997,12,0
2009,   工程科技Ⅰ辑 ,27384篇,1998,19,0
2009,   工程科技Ⅱ辑 ,44933篇,1999,45,0
2009,   农业科技 ,44933篇,1999,45,0
2009,   医药卫生科技 ,44933篇,1999,45,0
2009,   社会科学Ⅰ辑 ,18562篇,1998,4,0
2009,   信息科技 ,49801篇,1997,13,0
2009,   经济与管理科学 ,46259篇,1998,10,0
2009,   哲学与人文科学 ,19018篇,1998,2,0
2009,   社会科学Ⅱ辑 ,21323篇,1997,4,0
2009,   基础科学 ,18172篇,1996,3,0
2009,   工程科技Ⅰ辑 ,27384篇,1994,3,0
2009,   工程科技Ⅱ辑 ,44933篇,1995,10,0
2009,   农业科技 ,44933篇,1995,10,0
2009,   医药卫生科技 ,44933篇,1995,10,0
2009,   社会科学Ⅰ辑 ,18562篇,1994,1,0
2009,   信息科技 ,49801篇,1993,1,0
2009,   经济与管理科学 ,46259篇,1993,1,0
2009,   哲学与人文科学 ,19018篇,1989,2,0
2009,   社会科学Ⅱ辑 ,21323篇,,,0
2009,   基础科学 ,18172篇,1995,6,0
2009,   工程科技Ⅰ辑 ,27384篇,1995,6,0
2009,   工程科技Ⅱ辑 ,44933篇,1996,9,0
2009,   农业科技 ,44933篇,1996,9,0
2009,   医药卫生科技 ,44933篇,1996,9,0
2009,   社会科学Ⅰ辑 ,18562篇,1995,2,0
2009,   信息科技 ,49801篇,1994,2,0
2009,   经济与管理科学 ,46259篇,1995,3,0
2009,   哲学与人文科学 ,19018篇,1992,3,0
2009,   社会科学Ⅱ辑 ,21323篇,1993,1,0
2009,   基础科学 ,18172篇,1994,7,0
2009,   工程科技Ⅰ辑 ,27384篇,1992,3,0
2009,   工程科技Ⅱ辑 ,44933篇,1992,6,0
2009,   农业科技 ,44933篇,1992,6,0
2009,   医药卫生科技 ,44933篇,1992,6,0
2009,   社会科学Ⅰ辑 ,18562篇,,,0
2009,   信息科技 ,49801篇,,,0
2009,   经济与管理科学 ,46259篇,,,0
2009,   哲学与人文科学 ,19018篇,,,0
2009,   社会科学Ⅱ辑 ,21323篇,,,0
2009,   基础科学 ,18172篇,1993,2,0
2009,   工程科技Ⅰ辑 ,27384篇,1993,3,0
2009,   工程科技Ⅱ辑 ,44933篇,1994,6,0
2009,   农业科技 ,44933篇,1994,6,0
2009,   医药卫生科技 ,44933篇,1994,6,0
2009,   社会科学Ⅰ辑 ,18562篇,1993,3,0
2009,   信息科技 ,49801篇,1988,1,0
2009,   经济与管理科学 ,46259篇,1990,1,0
2009,   哲学与人文科学 ,19018篇,1986,1,0
2009,   社会科学Ⅱ辑 ,21323篇,,,0
2009,   基础科学 ,18172篇,1992,3,0
2009,   工程科技Ⅰ辑 ,27384篇,1996,8,0
2009,   工程科技Ⅱ辑 ,44933篇,1997,10,0
2009,   农业科技 ,44933篇,1997,10,0
2009,   医药卫生科技 ,44933篇,1997,10,0
2009,   社会科学Ⅰ辑 ,18562篇,1996,3,0
2009,   信息科技 ,49801篇,1995,2,0
2009,   经济与管理科学 ,46259篇,1996,1,0
2009,   哲学与人文科学 ,19018篇,1993,1,0
2009,   社会科学Ⅱ辑 ,21323篇,1994,1,0
2009,   基础科学 ,18172篇,1991,2,0
2009,   工程科技Ⅰ辑 ,27384篇,1997,17,0
2009,   工程科技Ⅱ辑 ,44933篇,1998,15,0
2009,   农业科技 ,44933篇,1998,15,0
2009,   医药卫生科技 ,44933篇,1998,15,0
2009,   社会科学Ⅰ辑 ,18562篇,1997,1,0
2009,   信息科技 ,49801篇,1996,7,0
2009,   经济与管理科学 ,46259篇,1997,3,0
2009,   哲学与人文科学 ,19018篇,1997,7,0
2009,   社会科学Ⅱ辑 ,21323篇,1995,1,0
2009,   基础科学 ,18172篇,1990,1,0
2009,   工程科技Ⅰ辑 ,27384篇,1991,1,0
2009,   工程科技Ⅱ辑 ,44933篇,1991,2,0
2009,   农业科技 ,44933篇,1991,2,0
2009,   医药卫生科技 ,44933篇,1991,2,0
2009,   社会科学Ⅰ辑 ,18562篇,,,0
2009,   信息科技 ,49801篇,,,0
2009,   经济与管理科学 ,46259篇,,,0
2009,   哲学与人文科学 ,19018篇,,,0
2009,   社会科学Ⅱ辑 ,21323篇,,,0
