±»EI¿¯ÒýÓÃ,3015Æª,±»CSSCI¿¯ÒýÓÃ,1784Æª,±»CSCD¿¯ÒýÓÃ,8466Æª,2009,224Æª,2008,2492Æª,2007,4034Æª,2006,4217Æª,2005,2699Æª,2004,1892Æª,2003,1129Æª,2002,776Æª,2001,456Æª,2000,175Æª,1999,20Æª,1998,13Æª,1997,12Æª,1996,3Æª,1995,6Æª,1994,7Æª,1993,2Æª,1992,3Æª,1991,2Æª,1990,1Æª
±»EI¿¯ÒýÓÃ,5332Æª,±»CSSCI¿¯ÒýÓÃ,1209Æª,±»CSCD¿¯ÒýÓÃ,13878Æª,2010,1Æª,2009,234Æª,2008,3224Æª,2007,5951Æª,2006,6250Æª,2005,4450Æª,2004,3343Æª,2003,1863Æª,2002,1236Æª,2001,528Æª,2000,219Æª,1999,22Æª,1998,19Æª,1997,17Æª,1996,8Æª,1995,6Æª,1994,3Æª,1993,3Æª,1992,3Æª,1991,1Æª
±»EI¿¯ÒýÓÃ,10953Æª,±»CSSCI¿¯ÒýÓÃ,1755Æª,±»CSCD¿¯ÒýÓÃ,18374Æª,2012,1Æª,2010,6Æª,2009,511Æª,2008,5598Æª,2007,10064Æª,2006,10056Æª,2005,7183Æª,2004,5297Æª,2003,3093Æª,2002,1798Æª,2001,858Æª,2000,362Æª,1999,45Æª,1998,15Æª,1997,10Æª,1996,9Æª,1995,10Æª,1994,6Æª,1992,6Æª,1991,2Æª
±»EI¿¯ÒýÓÃ,10953Æª,±»CSSCI¿¯ÒýÓÃ,1755Æª,±»CSCD¿¯ÒýÓÃ,18374Æª,2012,1Æª,2010,6Æª,2009,511Æª,2008,5598Æª,2007,10064Æª,2006,10056Æª,2005,7183Æª,2004,5297Æª,2003,3093Æª,2002,1798Æª,2001,858Æª,2000,362Æª,1999,45Æª,1998,15Æª,1997,10Æª,1996,9Æª,1995,10Æª,1994,6Æª,1992,6Æª,1991,2Æª
±»EI¿¯ÒýÓÃ,10953Æª,±»CSSCI¿¯ÒýÓÃ,1755Æª,±»CSCD¿¯ÒýÓÃ,18374Æª,2012,1Æª,2010,6Æª,2009,511Æª,2008,5598Æª,2007,10064Æª,2006,10056Æª,2005,7183Æª,2004,5297Æª,2003,3093Æª,2002,1798Æª,2001,858Æª,2000,362Æª,1999,45Æª,1998,15Æª,1997,10Æª,1996,9Æª,1995,10Æª,1994,6Æª,1992,6Æª,1991,2Æª
±»CSSCI¿¯ÒýÓÃ,4930Æª,±»CSCD¿¯ÒýÓÃ,935Æª,2010,1Æª,2009,81Æª,2008,1902Æª,2007,4697Æª,2006,4272Æª,2005,2872Æª,2004,2290Æª,2003,1402Æª,2002,858Æª,2001,435Æª,2000,184Æª,1999,8Æª,1998,2Æª,1997,7Æª,1993,1Æª,1992,3Æª,1989,2Æª,1986,1Æª,,,,,,
±»EI¿¯ÒýÓÃ,24Æª,±»CSSCI¿¯ÒýÓÃ,3406Æª,±»CSCD¿¯ÒýÓÃ,321Æª,2010,1Æª,2009,117Æª,2008,1952Æª,2007,5246Æª,2006,4415Æª,2005,2943Æª,2004,1866Æª,2003,1066Æª,2002,551Æª,2001,286Æª,2000,101Æª,1999,4Æª,1998,4Æª,1997,1Æª,1996,3Æª,1995,2Æª,1994,1Æª,1993,3Æª,,,,
±»CSSCI¿¯ÒýÓÃ,5892Æª,±»CSCD¿¯ÒýÓÃ,909Æª,2009,105Æª,2008,2662Æª,2007,5462Æª,2006,5098Æª,2005,3090Æª,2004,2158Æª,2003,1395Æª,2002,797Æª,2001,412Æª,2000,132Æª,1999,4Æª,1998,1Æª,1997,4Æª,1995,1Æª,1994,1Æª,1993,1Æª,,,,,,,,,,
±»EI¿¯ÒýÓÃ,5138Æª,±»CSSCI¿¯ÒýÓÃ,2735Æª,±»CSCD¿¯ÒýÓÃ,13238Æª,2009,615Æª,2008,7331Æª,2007,12058Æª,2006,11413Æª,2005,7378Æª,2004,4973Æª,2003,2771Æª,2002,1963Æª,2001,854Æª,2000,332Æª,1999,50Æª,1998,37Æª,1997,13Æª,1996,7Æª,1995,2Æª,1994,2Æª,1993,1Æª,1988,1Æª,,,,
±»EI¿¯ÒýÓÃ,918Æª,±»CSSCI¿¯ÒýÓÃ,11794Æª,±»CSCD¿¯ÒýÓÃ,4721Æª,2010,4Æª,2009,432Æª,2008,6027Æª,2007,11656Æª,2006,10580Æª,2005,7200Æª,2004,4710Æª,2003,2863Æª,2002,1644Æª,2001,782Æª,2000,317Æª,1999,25Æª,1998,10Æª,1997,3Æª,1996,1Æª,1995,3Æª,1993,1Æª,1990,1Æª,,,,
±»EI¿¯ÒýÓÃ,4241Æª,±»CSSCI¿¯ÒýÓÃ,2509Æª,±»CSCD¿¯ÒýÓÃ,12632Æª,2012,1Æª,2011,1Æª,2010,217Æª,2009,3240Æª,2008,5346Æª,2007,5586Æª,2006,5124Æª,2005,3339Æª,2004,2144Æª,2003,1311Æª,2002,927Æª,2001,551Æª,2000,208Æª,1999,33Æª,1998,22Æª,1997,11Æª,1996,3Æª,1995,6Æª,1994,8Æª,1993,2Æª
±»EI¿¯ÒýÓÃ,7763Æª,±»CSSCI¿¯ÒýÓÃ,1827Æª,±»CSCD¿¯ÒýÓÃ,21114Æª,2014,1Æª,2012,1Æª,2011,2Æª,2010,315Æª,2009,4876Æª,2008,7549Æª,2007,8896Æª,2006,7892Æª,2005,5616Æª,2004,4078Æª,2003,2277Æª,2002,1567Æª,2001,641Æª,2000,282Æª,1999,27Æª,1998,20Æª,1997,21Æª,1996,14Æª,1995,9Æª,1994,4Æª
±»EI¿¯ÒýÓÃ,14622Æª,±»CSSCI¿¯ÒýÓÃ,2489Æª,±»CSCD¿¯ÒýÓÃ,25560Æª,2012,2Æª,2011,2Æª,2010,620Æª,2009,7638Æª,2008,11209Æª,2007,13565Æª,2006,11754Æª,2005,8294Æª,2004,5992Æª,2003,3428Æª,2002,2104Æª,2001,957Æª,2000,418Æª,1999,56Æª,1998,16Æª,1997,13Æª,1996,8Æª,1995,9Æª,1994,6Æª,1993,1Æª
±»EI¿¯ÒýÓÃ,1536Æª,±»CSSCI¿¯ÒýÓÃ,786Æª,±»CSCD¿¯ÒýÓÃ,13152Æª,2011,1Æª,2010,118Æª,2009,2564Æª,2008,3726Æª,2007,4038Æª,2006,3459Æª,2005,2798Æª,2004,1980Æª,2003,1460Æª,2002,797Æª,2001,575Æª,2000,242Æª,1999,20Æª,1998,12Æª,1997,5Æª,1996,6Æª,1995,2Æª,1994,3Æª,1992,1Æª,1990,1Æª
±»EI¿¯ÒýÓÃ,393Æª,±»CSSCI¿¯ÒýÓÃ,417Æª,±»CSCD¿¯ÒýÓÃ,4701Æª,2010,63Æª,2009,1911Æª,2008,2756Æª,2007,3088Æª,2006,2343Æª,2005,1560Æª,2004,979Æª,2003,595Æª,2002,367Æª,2001,203Æª,2000,48Æª,1999,11Æª,1998,9Æª,1997,10Æª,1996,2Æª,1995,5Æª,1994,6Æª,1993,2Æª,1992,2Æª,1991,4Æª
±»CSSCI¿¯ÒýÓÃ,7400Æª,±»CSCD¿¯ÒýÓÃ,1365Æª,2013,1Æª,2010,94Æª,2009,2888Æª,2008,5777Æª,2007,7390Æª,2006,5803Æª,2005,3926Æª,2004,2994Æª,2003,1870Æª,2002,1171Æª,2001,634Æª,2000,271Æª,1999,16Æª,1998,6Æª,1997,13Æª,1996,2Æª,1995,1Æª,1994,1Æª,1993,2Æª,1992,3Æª,,
±»EI¿¯ÒýÓÃ,40Æª,±»CSSCI¿¯ÒýÓÃ,4810Æª,±»CSCD¿¯ÒýÓÃ,476Æª,2012,2Æª,2011,3Æª,2010,189Æª,2009,3225Æª,2008,5667Æª,2007,6898Æª,2006,5096Æª,2005,3406Æª,2004,2205Æª,2003,1234Æª,2002,703Æª,2001,384Æª,2000,161Æª,1999,6Æª,1998,2Æª,1997,3Æª,1996,4Æª,1995,2Æª,1994,2Æª,1993,2Æª
±»CSSCI¿¯ÒýÓÃ,8213Æª,±»CSCD¿¯ÒýÓÃ,1245Æª,2012,1Æª,2011,2Æª,2010,172Æª,2009,3426Æª,2008,6491Æª,2007,7273Æª,2006,5917Æª,2005,3590Æª,2004,2402Æª,2003,1620Æª,2002,957Æª,2001,489Æª,2000,171Æª,1999,6Æª,1998,2Æª,1997,4Æª,1995,1Æª,1994,1Æª,,,,,,
±»EI¿¯ÒýÓÃ,6683Æª,±»CSSCI¿¯ÒýÓÃ,3933Æª,±»CSCD¿¯ÒýÓÃ,18276Æª,2012,3Æª,2011,1Æª,2010,646Æª,2009,10094Æª,2008,14539Æª,2007,15649Æª,2006,13071Æª,2005,8062Æª,2004,5337Æª,2003,3056Æª,2002,2142Æª,2001,890Æª,2000,369Æª,1999,52Æª,1998,44Æª,1997,10Æª,1996,9Æª,1995,3Æª,1994,6Æª,1993,1Æª
±»EI¿¯ÒýÓÃ,1206Æª,±»CSSCI¿¯ÒýÓÃ,16490Æª,±»CSCD¿¯ÒýÓÃ,6618Æª,2014,1Æª,2012,4Æª,2011,8Æª,2010,561Æª,2009,8406Æª,2008,14360Æª,2007,15568Æª,2006,12318Æª,2005,8432Æª,2004,5594Æª,2003,3327Æª,2002,1993Æª,2001,1011Æª,2000,410Æª,1999,31Æª,1998,9Æª,1997,2Æª,1996,2Æª,1995,1Æª,1994,2Æª
±»EI¿¯ÒýÓÃ,1450Æª,±»CSSCI¿¯ÒýÓÃ,19858Æª,±»CSCD¿¯ÒýÓÃ,8056Æª,2013,2Æª,2012,3Æª,2011,196Æª,2010,3617Æª,2009,5466Æª,2008,6462Æª,2007,6227Æª,2006,5402Æª,2005,3406Æª,2004,2184Æª,2003,1312Æª,2002,951Æª,2001,497Æª,2000,205Æª,1999,30Æª,1998,18Æª,1997,10Æª,1996,9Æª,1995,9Æª,1994,8Æª
±»EI¿¯ÒýÓÃ,9792Æª,±»CSSCI¿¯ÒýÓÃ,2277Æª,±»CSCD¿¯ÒýÓÃ,27346Æª,2013,1Æª,2011,349Æª,2010,6328Æª,2009,8805Æª,2008,9879Æª,2007,10010Æª,2006,8337Æª,2005,5841Æª,2004,4191Æª,2003,2298Æª,2002,1549Æª,2001,666Æª,2000,266Æª,1999,29Æª,1998,21Æª,1997,20Æª,1996,7Æª,1995,9Æª,1994,1Æª,1993,1Æª
±»EI¿¯ÒýÓÃ,9792Æª,±»CSSCI¿¯ÒýÓÃ,2277Æª,±»CSCD¿¯ÒýÓÃ,27346Æª,2013,1Æª,2012,7Æª,2011,587Æª,2010,8767Æª,2009,12294Æª,2008,13847Æª,2007,14996Æª,2006,12045Æª,2005,8500Æª,2004,5961Æª,2003,3424Æª,2002,2086Æª,2001,938Æª,2000,436Æª,1999,58Æª,1998,16Æª,1997,8Æª,1996,8Æª,1995,11Æª,1994,8Æª
±»EI¿¯ÒýÓÃ,1843Æª,±»CSSCI¿¯ÒýÓÃ,979Æª,±»CSCD¿¯ÒýÓÃ,15974Æª,2013,2Æª,2012,2Æª,2011,122Æª,2010,2666Æª,2009,3809Æª,2008,4491Æª,2007,4122Æª,2006,3408Æª,2005,2689Æª,2004,1966Æª,2003,1367Æª,2002,769Æª,2001,522Æª,2000,251Æª,1999,16Æª,1998,12Æª,1997,4Æª,1996,5Æª,1995,3Æª,1994,3Æª
±»EI¿¯ÒýÓÃ,508Æª,±»CSSCI¿¯ÒýÓÃ,560Æª,±»CSCD¿¯ÒýÓÃ,6734Æª,2013,2Æª,2012,2Æª,2011,122Æª,2010,2666Æª,2009,3809Æª,2008,4491Æª,2007,4122Æª,2006,3408Æª,2005,2689Æª,2004,1966Æª,2003,1367Æª,2002,769Æª,2001,522Æª,2000,251Æª,1999,16Æª,1998,12Æª,1997,4Æª,1996,5Æª,1995,3Æª,1994,3Æª
±»EI¿¯ÒýÓÃ,508Æª,±»CSSCI¿¯ÒýÓÃ,560Æª,±»CSCD¿¯ÒýÓÃ,6734Æª,2012,3Æª,2011,156Æª,2010,3530Æª,2009,7045Æª,2008,8178Æª,2007,8676Æª,2006,6401Æª,2005,4304Æª,2004,3312Æª,2003,2122Æª,2002,1293Æª,2001,705Æª,2000,306Æª,1999,16Æª,1998,10Æª,1997,13Æª,1996,3Æª,1995,4Æª,1994,1Æª,1993,1Æª
±»EI¿¯ÒýÓÃ,43Æª,±»CSSCI¿¯ÒýÓÃ,6014Æª,±»CSCD¿¯ÒýÓÃ,585Æª,2013,2Æª,2012,1Æª,2011,237Æª,2010,4351Æª,2009,6328Æª,2008,7330Æª,2007,7565Æª,2006,5497Æª,2005,3737Æª,2004,2393Æª,2003,1380Æª,2002,747Æª,2001,396Æª,2000,166Æª,1999,9Æª,1998,6Æª,1997,5Æª,1996,4Æª,1995,3Æª,1994,4Æª
±»CSSCI¿¯ÒýÓÃ,10229Æª,±»CSCD¿¯ÒýÓÃ,1546Æª,2014,2Æª,2013,2Æª,2012,3Æª,2011,205Æª,2010,3950Æª,2009,7517Æª,2008,8733Æª,2007,8600Æª,2006,6603Æª,2005,3995Æª,2004,2746Æª,2003,1853Æª,2002,1033Æª,2001,560Æª,2000,197Æª,1999,7Æª,1998,2Æª,1997,3Æª,1995,1Æª,1994,1Æª,,
±»EI¿¯ÒýÓÃ,8042Æª,±»CSSCI¿¯ÒýÓÃ,4755Æª,±»CSCD¿¯ÒýÓÃ,22651Æª,2011,632Æª,2010,10844Æª,2009,16643Æª,2008,17474Æª,2007,16533Æª,2006,13104Æª,2005,8045Æª,2004,5297Æª,2003,2937Æª,2002,2093Æª,2001,902Æª,2000,358Æª,1999,47Æª,1998,37Æª,1997,8Æª,1996,5Æª,1995,7Æª,1994,2Æª,1993,1Æª,1989,1Æª
±»EI¿¯ÒýÓÃ,1450Æª,±»CSSCI¿¯ÒýÓÃ,19858Æª,±»CSCD¿¯ÒýÓÃ,8056Æª,2013,4Æª,2012,4Æª,2011,572Æª,2010,9622Æª,2009,15382Æª,2008,17328Æª,2007,16239Æª,2006,12625Æª,2005,8499Æª,2004,5619Æª,2003,3377Æª,2002,2023Æª,2001,1048Æª,2000,475Æª,1999,29Æª,1998,5Æª,1997,4Æª,1996,1Æª,1995,4Æª,1994,1Æª
±»EI¿¯ÒýÓÃ,6185Æª,±»CSSCI¿¯ÒýÓÃ,3392Æª,±»CSCD¿¯ÒýÓÃ,19064Æª,2012,242Æª,2011,4152Æª,2010,6106Æª,2009,6110Æª,2008,6993Æª,2007,6542Æª,2006,5469Æª,2005,3497Æª,2004,2241Æª,2003,1319Æª,2002,910Æª,2001,535Æª,2000,199Æª,1999,29Æª,1998,11Æª,1997,15Æª,1996,4Æª,1995,6Æª,1994,10Æª,1993,1Æª
±»EI¿¯ÒýÓÃ,12043Æª,±»CSSCI¿¯ÒýÓÃ,2787Æª,±»CSCD¿¯ÒýÓÃ,34919Æª,2013,2Æª,2012,470Æª,2011,8370Æª,2010,11495Æª,2009,10983Æª,2008,11207Æª,2007,10838Æª,2006,8802Æª,2005,6070Æª,2004,4375Æª,2003,2384Æª,2002,1562Æª,2001,650Æª,2000,283Æª,1999,29Æª,1998,22Æª,1997,24Æª,1996,10Æª,1995,10Æª,1994,2Æª
±»EI¿¯ÒýÓÃ,20989Æª,±»CSSCI¿¯ÒýÓÃ,3530Æª,±»CSCD¿¯ÒýÓÃ,38899Æª,2014,2Æª,2013,1Æª,2012,847Æª,2011,11242Æª,2010,15480Æª,2009,15094Æª,2008,15509Æª,2007,16453Æª,2006,12837Æª,2005,9044Æª,2004,6387Æª,2003,3578Æª,2002,2063Æª,2001,922Æª,2000,435Æª,1999,53Æª,1998,16Æª,1997,11Æª,1996,8Æª,1995,6Æª
±»EI¿¯ÒýÓÃ,2253Æª,±»CSSCI¿¯ÒýÓÃ,1130Æª,±»CSCD¿¯ÒýÓÃ,19887Æª,2012,125Æª,2011,3285Æª,2010,4692Æª,2009,4490Æª,2008,4908Æª,2007,4343Æª,2006,3570Æª,2005,2875Æª,2004,2034Æª,2003,1396Æª,2002,804Æª,2001,507Æª,2000,248Æª,1999,18Æª,1998,12Æª,1997,5Æª,1996,7Æª,1995,2Æª,1994,4Æª,1989,1Æª
±»EI¿¯ÒýÓÃ,612Æª,±»CSSCI¿¯ÒýÓÃ,684Æª,±»CSCD¿¯ÒýÓÃ,9612Æª,2012,96Æª,2011,3548Æª,2010,5038Æª,2009,4846Æª,2008,4351Æª,2007,4134Æª,2006,2930Æª,2005,1827Æª,2004,1126Æª,2003,699Æª,2002,396Æª,2001,222Æª,2000,66Æª,1999,7Æª,1998,8Æª,1997,12Æª,1996,5Æª,1995,7Æª,1994,7Æª,1993,2Æª
±»EI¿¯ÒýÓÃ,612Æª,±»CSSCI¿¯ÒýÓÃ,684Æª,±»CSCD¿¯ÒýÓÃ,9612Æª,2014,1Æª,2012,227Æª,2011,4984Æª,2010,8525Æª,2009,8273Æª,2008,8704Æª,2007,9247Æª,2006,6877Æª,2005,4540Æª,2004,3413Æª,2003,2124Æª,2002,1326Æª,2001,732Æª,2000,328Æª,1999,15Æª,1998,8Æª,1997,8Æª,1996,2Æª,1994,2Æª,1993,1Æª
±»EI¿¯ÒýÓÃ,78Æª,±»CSSCI¿¯ÒýÓÃ,11207Æª,±»CSCD¿¯ÒýÓÃ,2039Æª,2012,157Æª,2011,5838Æª,2010,8039Æª,2009,6248Æª,2008,6974Æª,2007,7232Æª,2006,5136Æª,2005,3446Æª,2004,2214Æª,2003,1261Æª,2002,744Æª,2001,375Æª,2000,148Æª,1999,7Æª,1998,4Æª,1997,2Æª,1996,4Æª,1995,3Æª,1994,1Æª,1993,2Æª
±»CSSCI¿¯ÒýÓÃ,11937Æª,±»CSCD¿¯ÒýÓÃ,1827Æª,2013,5Æª,2012,230Æª,2011,5686Æª,2010,8302Æª,2009,8052Æª,2008,8689Æª,2007,8550Æª,2006,6582Æª,2005,3882Æª,2004,2678Æª,2003,1746Æª,2002,1038Æª,2001,547Æª,2000,178Æª,1999,6Æª,1998,3Æª,1997,3Æª,1995,1Æª,,,,,,
±»EI¿¯ÒýÓÃ,9334Æª,±»CSSCI¿¯ÒýÓÃ,5655Æª,±»CSCD¿¯ÒýÓÃ,26929Æª,2013,1Æª,2012,778Æª,2011,12513Æª,2010,18441Æª,2009,18865Æª,2008,18415Æª,2007,16913Æª,2006,13204Æª,2005,8148Æª,2004,5346Æª,2003,3008Æª,2002,2101Æª,2001,844Æª,2000,326Æª,1999,46Æª,1998,32Æª,1997,16Æª,1996,5Æª,1995,4Æª,1994,2Æª
±»EI¿¯ÒýÓÃ,1694Æª,±»CSSCI¿¯ÒýÓÃ,23153Æª,±»CSCD¿¯ÒýÓÃ,9428Æª,2015,1Æª,2013,5Æª,2012,673Æª,2011,11876Æª,2010,18837Æª,2009,17229Æª,2008,18340Æª,2007,16841Æª,2006,12774Æª,2005,8487Æª,2004,5684Æª,2003,3312Æª,2002,1952Æª,2001,974Æª,2000,407Æª,1999,26Æª,1998,10Æª,1997,3Æª,1996,3Æª,1995,5Æª
±»EI¿¯ÒýÓÃ,6902Æª,±»CSSCI¿¯ÒýÓÃ,3639Æª,±»CSCD¿¯ÒýÓÃ,21188Æª,2013,195Æª,2012,4396Æª,2011,6080Æª,2010,6288Æª,2009,6104Æª,2008,6606Æª,2007,6137Æª,2006,5029Æª,2005,3202Æª,2004,2033Æª,2003,1236Æª,2002,900Æª,2001,453Æª,2000,173Æª,1999,34Æª,1998,13Æª,1997,12Æª,1996,7Æª,1995,12Æª,1994,11Æª
±»EI¿¯ÒýÓÃ,13950Æª,±»CSSCI¿¯ÒýÓÃ,3144Æª,±»CSCD¿¯ÒýÓÃ,40018Æª,2013,418Æª,2012,9786Æª,2011,12256Æª,2010,12238Æª,2009,10845Æª,2008,10840Æª,2007,10270Æª,2006,8154Æª,2005,5672Æª,2004,4026Æª,2003,2186Æª,2002,1409Æª,2001,604Æª,2000,251Æª,1999,29Æª,1998,18Æª,1997,15Æª,1996,9Æª,1995,13Æª,1994,4Æª
±»EI¿¯ÒýÓÃ,13950Æª,±»CSSCI¿¯ÒýÓÃ,3144Æª,±»CSCD¿¯ÒýÓÃ,40018Æª,2014,2Æª,2013,600Æª,2012,12996Æª,2011,16392Æª,2010,16433Æª,2009,15092Æª,2008,15390Æª,2007,15975Æª,2006,12247Æª,2005,8568Æª,2004,5984Æª,2003,3365Æª,2002,1965Æª,2001,903Æª,2000,388Æª,1999,46Æª,1998,17Æª,1997,7Æª,1996,6Æª,1995,8Æª
±»EI¿¯ÒýÓÃ,2538Æª,±»CSSCI¿¯ÒýÓÃ,1209Æª,±»CSCD¿¯ÒýÓÃ,21957Æª,2015,1Æª,2013,136Æª,2012,3611Æª,2011,4641Æª,2010,4879Æª,2009,4499Æª,2008,4711Æª,2007,4197Æª,2006,3356Æª,2005,2631Æª,2004,1841Æª,2003,1282Æª,2002,689Æª,2001,498Æª,2000,223Æª,1999,19Æª,1998,4Æª,1997,3Æª,1996,8Æª,1995,1Æª
±»EI¿¯ÒýÓÃ,2538Æª,±»CSSCI¿¯ÒýÓÃ,1209Æª,±»CSCD¿¯ÒýÓÃ,21957Æª,2013,124Æª,2012,4383Æª,2011,5536Æª,2010,5527Æª,2009,4928Æª,2008,4136Æª,2007,3767Æª,2006,2564Æª,2005,1649Æª,2004,1041Æª,2003,665Æª,2002,411Æª,2001,221Æª,2000,60Æª,1999,11Æª,1998,4Æª,1997,10Æª,1996,5Æª,1995,8Æª,1994,4Æª
±»EI¿¯ÒýÓÃ,96Æª,±»CSSCI¿¯ÒýÓÃ,12419Æª,±»CSCD¿¯ÒýÓÃ,2329Æª,2013,124Æª,2012,4383Æª,2011,5536Æª,2010,5527Æª,2009,4928Æª,2008,4136Æª,2007,3767Æª,2006,2564Æª,2005,1649Æª,2004,1041Æª,2003,665Æª,2002,411Æª,2001,221Æª,2000,60Æª,1999,11Æª,1998,4Æª,1997,10Æª,1996,5Æª,1995,8Æª,1994,4Æª
±»CSSCI¿¯ÒýÓÃ,7642Æª,±»CSCD¿¯ÒýÓÃ,824Æª,2013,202Æª,2012,5337Æª,2011,9940Æª,2010,8360Æª,2009,5992Æª,2008,6191Æª,2007,6129Æª,2006,4390Æª,2005,2978Æª,2004,1974Æª,2003,1109Æª,2002,624Æª,2001,351Æª,2000,132Æª,1999,4Æª,1998,5Æª,1997,4Æª,1996,2Æª,1995,1Æª,1994,4Æª,,
±»CSSCI¿¯ÒýÓÃ,13023Æª,±»CSCD¿¯ÒýÓÃ,2020Æª,2013,239Æª,2012,6463Æª,2011,10718Æª,2010,8993Æª,2009,8033Æª,2008,8503Æª,2007,8189Æª,2006,6310Æª,2005,3857Æª,2004,2566Æª,2003,1662Æª,2002,932Æª,2001,482Æª,2000,165Æª,1999,6Æª,1998,2Æª,1997,5Æª,1995,1Æª,1994,2Æª,1993,2Æª,,
±»EI¿¯ÒýÓÃ,10087Æª,±»CSSCI¿¯ÒýÓÃ,6223Æª,±»CSCD¿¯ÒýÓÃ,29742Æª,2014,5Æª,2013,712Æª,2012,13833Æª,2011,18244Æª,2010,19054Æª,2009,18292Æª,2008,17250Æª,2007,15661Æª,2006,11952Æª,2005,7416Æª,2004,4806Æª,2003,2649Æª,2002,1895Æª,2001,768Æª,2000,311Æª,1999,45Æª,1998,35Æª,1997,6Æª,1996,5Æª,1995,4Æª
±»EI¿¯ÒýÓÃ,1857Æª,±»CSSCI¿¯ÒýÓÃ,25120Æª,±»CSCD¿¯ÒýÓÃ,10427Æª,2014,3Æª,2013,689Æª,2012,13021Æª,2011,19402Æª,2010,19712Æª,2009,16692Æª,2008,16981Æª,2007,15447Æª,2006,11774Æª,2005,7829Æª,2004,5187Æª,2003,3087Æª,2002,1804Æª,2001,843Æª,2000,374Æª,1999,28Æª,1998,9Æª,1997,2Æª,1996,2Æª,1990,1Æª
±»EI¿¯ÒýÓÃ,8001Æª,±»CSSCI¿¯ÒýÓÃ,3895Æª,±»CSCD¿¯ÒýÓÃ,24700Æª,2014,244Æª,2013,4976Æª,2012,7207Æª,2011,6659Æª,2010,6391Æª,2009,6145Æª,2008,6473Æª,2007,6044Æª,2006,4793Æª,2005,3132Æª,2004,1992Æª,2003,1230Æª,2002,829Æª,2001,439Æª,2000,158Æª,1999,24Æª,1998,15Æª,1997,13Æª,1996,7Æª,1995,12Æª
±»EI¿¯ÒýÓÃ,16301Æª,±»CSSCI¿¯ÒýÓÃ,3641Æª,±»CSCD¿¯ÒýÓÃ,47077Æª,2014,466Æª,2013,9680Æª,2012,16951Æª,2011,13901Æª,2010,12683Æª,2009,11089Æª,2008,10706Æª,2007,10033Æª,2006,7781Æª,2005,5446Æª,2004,3717Æª,2003,2065Æª,2002,1299Æª,2001,541Æª,2000,208Æª,1999,22Æª,1998,15Æª,1997,20Æª,1996,11Æª,1995,8Æª
±»EI¿¯ÒýÓÃ,26225Æª,±»CSSCI¿¯ÒýÓÃ,4444Æª,±»CSCD¿¯ÒýÓÃ,50883Æª,2015,2Æª,2014,775Æª,2013,13754Æª,2012,22024Æª,2011,18034Æª,2010,16735Æª,2009,15395Æª,2008,15183Æª,2007,15636Æª,2006,12002Æª,2005,8315Æª,2004,5723Æª,2003,3196Æª,2002,1845Æª,2001,833Æª,2000,357Æª,1999,39Æª,1998,10Æª,1997,7Æª,1996,6Æª
±»EI¿¯ÒýÓÃ,3080Æª,±»CSSCI¿¯ÒýÓÃ,1462Æª,±»CSCD¿¯ÒýÓÃ,25894Æª,2014,128Æª,2013,4296Æª,2012,6181Æª,2011,5306Æª,2010,5167Æª,2009,4669Æª,2008,4598Æª,2007,4093Æª,2006,3256Æª,2005,2609Æª,2004,1781Æª,2003,1193Æª,2002,696Æª,2001,459Æª,2000,198Æª,1999,16Æª,1998,8Æª,1997,5Æª,1996,6Æª,1995,1Æª
±»EI¿¯ÒýÓÃ,857Æª,±»CSSCI¿¯ÒýÓÃ,970Æª,±»CSCD¿¯ÒýÓÃ,15151Æª,2014,198Æª,2013,5421Æª,2012,9029Æª,2011,7050Æª,2010,6501Æª,2009,5311Æª,2008,4383Æª,2007,3930Æª,2006,2652Æª,2005,1671Æª,2004,1028Æª,2003,665Æª,2002,403Æª,2001,214Æª,2000,50Æª,1999,8Æª,1998,5Æª,1997,4Æª,1996,5Æª,1995,8Æª
±»EI¿¯ÒýÓÃ,857Æª,±»CSSCI¿¯ÒýÓÃ,970Æª,±»CSCD¿¯ÒýÓÃ,15151Æª,2014,318Æª,2013,5578Æª,2012,12295Æª,2011,11107Æª,2010,9326Æª,2009,7933Æª,2008,7868Æª,2007,7989Æª,2006,5899Æª,2005,4021Æª,2004,2983Æª,2003,1793Æª,2002,1054Æª,2001,617Æª,2000,238Æª,1999,14Æª,1998,11Æª,1997,10Æª,1996,4Æª,1995,1Æª
±»EI¿¯ÒýÓÃ,85Æª,±»CSSCI¿¯ÒýÓÃ,13280Æª,±»CSCD¿¯ÒýÓÃ,2542Æª,2014,318Æª,2013,5578Æª,2012,12295Æª,2011,11107Æª,2010,9326Æª,2009,7933Æª,2008,7868Æª,2007,7989Æª,2006,5899Æª,2005,4021Æª,2004,2983Æª,2003,1793Æª,2002,1054Æª,2001,617Æª,2000,238Æª,1999,14Æª,1998,11Æª,1997,10Æª,1996,4Æª,1995,1Æª
±»CSSCI¿¯ÒýÓÃ,14337Æª,±»CSCD¿¯ÒýÓÃ,2297Æª,2015,2Æª,2014,598Æª,2013,7146Æª,2012,12774Æª,2011,12047Æª,2010,8970Æª,2009,8107Æª,2008,8324Æª,2007,7946Æª,2006,6033Æª,2005,3731Æª,2004,2458Æª,2003,1673Æª,2002,869Æª,2001,498Æª,2000,135Æª,1999,6Æª,1998,2Æª,1997,3Æª,1994,1Æª,,
±»EI¿¯ÒýÓÃ,11142Æª,±»CSSCI¿¯ÒýÓÃ,7015Æª,±»CSCD¿¯ÒýÓÃ,33502Æª,2015,5Æª,2014,1226Æª,2013,15576Æª,2012,22435Æª,2011,19482Æª,2010,18602Æª,2009,17611Æª,2008,16149Æª,2007,14753Æª,2006,11207Æª,2005,6756Æª,2004,4383Æª,2003,2448Æª,2002,1660Æª,2001,702Æª,2000,292Æª,1999,36Æª,1998,32Æª,1997,9Æª,1996,4Æª
±»EI¿¯ÒýÓÃ,2020Æª,±»CSSCI¿¯ÒýÓÃ,27171Æª,±»CSCD¿¯ÒýÓÃ,11559Æª,2014,1047Æª,2013,12288Æª,2012,23480Æª,2011,20436Æª,2010,18842Æª,2009,15952Æª,2008,15701Æª,2007,14121Æª,2006,10553Æª,2005,7238Æª,2004,4707Æª,2003,2763Æª,2002,1513Æª,2001,769Æª,2000,353Æª,1999,20Æª,1998,7Æª,1997,4Æª,1996,1Æª,1995,1Æª
±»EI¿¯ÒýÓÃ,8944Æª,±»CSSCI¿¯ÒýÓÃ,4044Æª,±»CSCD¿¯ÒýÓÃ,28001Æª,2015,139Æª,2014,5188Æª,2013,8270Æª,2012,8022Æª,2011,6756Æª,2010,6433Æª,2009,5979Æª,2008,6419Æª,2007,5886Æª,2006,4727Æª,2005,3040Æª,2004,2016Æª,2003,1206Æª,2002,786Æª,2001,414Æª,2000,170Æª,1999,19Æª,1998,16Æª,1997,9Æª,1996,6Æª
±»EI¿¯ÒýÓÃ,19002Æª,±»CSSCI¿¯ÒýÓÃ,4027Æª,±»CSCD¿¯ÒýÓÃ,55672Æª,2015,344Æª,2014,11260Æª,2013,17716Æª,2012,19184Æª,2011,14776Æª,2010,13262Æª,2009,11206Æª,2008,10746Æª,2007,10153Æª,2006,7936Æª,2005,5485Æª,2004,3899Æª,2003,2144Æª,2002,1377Æª,2001,584Æª,2000,229Æª,1999,23Æª,1998,15Æª,1997,18Æª,1996,8Æª
±»EI¿¯ÒýÓÃ,28945Æª,±»CSSCI¿¯ÒýÓÃ,4957Æª,±»CSCD¿¯ÒýÓÃ,56929Æª,2015,537Æª,2014,14720Æª,2013,24177Æª,2012,23965Æª,2011,18368Æª,2010,16778Æª,2009,15250Æª,2008,14900Æª,2007,15463Æª,2006,11889Æª,2005,8290Æª,2004,5764Æª,2003,3162Æª,2002,1838Æª,2001,816Æª,2000,340Æª,1999,39Æª,1998,13Æª,1997,8Æª,1996,7Æª
±»EI¿¯ÒýÓÃ,3708Æª,±»CSSCI¿¯ÒýÓÃ,1662Æª,±»CSCD¿¯ÒýÓÃ,30883Æª,2015,85Æª,2014,4989Æª,2013,7731Æª,2012,7231Æª,2011,5534Æª,2010,5324Æª,2009,4887Æª,2008,4786Æª,2007,4249Æª,2006,3395Æª,2005,2697Æª,2004,1916Æª,2003,1241Æª,2002,681Æª,2001,489Æª,2000,213Æª,1999,10Æª,1998,8Æª,1997,4Æª,1996,9Æª
±»EI¿¯ÒýÓÃ,1018Æª,±»CSSCI¿¯ÒýÓÃ,1093Æª,±»CSCD¿¯ÒýÓÃ,18670Æª,2015,121Æª,2014,7477Æª,2013,10682Æª,2012,10400Æª,2011,7830Æª,2010,6981Æª,2009,5680Æª,2008,4624Æª,2007,4232Æª,2006,2799Æª,2005,1778Æª,2004,1189Æª,2003,660Æª,2002,432Æª,2001,220Æª,2000,55Æª,1999,6Æª,1998,8Æª,1997,15Æª,1996,5Æª
±»EI¿¯ÒýÓÃ,110Æª,±»CSSCI¿¯ÒýÓÃ,14457Æª,±»CSCD¿¯ÒýÓÃ,2869Æª,2015,187Æª,2014,6664Æª,2013,12451Æª,2012,13778Æª,2011,11153Æª,2010,9173Æª,2009,7808Æª,2008,7671Æª,2007,7861Æª,2006,5613Æª,2005,3782Æª,2004,2932Æª,2003,1770Æª,2002,1063Æª,2001,591Æª,2000,234Æª,1999,19Æª,1998,6Æª,1997,13Æª,1996,3Æª
±»CSSCI¿¯ÒýÓÃ,9100Æª,±»CSCD¿¯ÒýÓÃ,1184Æª,2015,177Æª,2014,6115Æª,2013,10696Æª,2012,10628Æª,2011,8872Æª,2010,6950Æª,2009,5029Æª,2008,4848Æª,2007,4718Æª,2006,3424Æª,2005,2268Æª,2004,1511Æª,2003,777Æª,2002,460Æª,2001,262Æª,2000,110Æª,1999,4Æª,1998,5Æª,1997,4Æª,1996,5Æª,,
±»CSSCI¿¯ÒýÓÃ,15731Æª,±»CSCD¿¯ÒýÓÃ,2545Æª,2016,3Æª,2015,364Æª,2014,9527Æª,2013,14134Æª,2012,13932Æª,2011,11949Æª,2010,8842Æª,2009,7924Æª,2008,7973Æª,2007,7817Æª,2006,5897Æª,2005,3639Æª,2004,2457Æª,2003,1600Æª,2002,871Æª,2001,477Æª,2000,134Æª,1999,4Æª,1998,2Æª,1997,3Æª,,
±»EI¿¯ÒýÓÃ,11913Æª,±»CSSCI¿¯ÒýÓÃ,7618Æª,±»CSCD¿¯ÒýÓÃ,36094Æª,2015,784Æª,2014,13918Æª,2013,24813Æª,2012,23019Æª,2011,18296Æª,2010,17430Æª,2009,16184Æª,2008,14966Æª,2007,13522Æª,2006,10183Æª,2005,6293Æª,2004,4100Æª,2003,2230Æª,2002,1562Æª,2001,636Æª,2000,243Æª,1999,29Æª,1998,30Æª,1997,6Æª,1996,5Æª
±»EI¿¯ÒýÓÃ,2183Æª,±»CSSCI¿¯ÒýÓÃ,28568Æª,±»CSCD¿¯ÒýÓÃ,12548Æª,2016,1Æª,2015,689Æª,2014,14285Æª,2013,22366Æª,2012,24051Æª,2011,18953Æª,2010,17543Æª,2009,14561Æª,2008,14492Æª,2007,12935Æª,2006,9757Æª,2005,6604Æª,2004,4394Æª,2003,2564Æª,2002,1498Æª,2001,710Æª,2000,300Æª,1999,22Æª,1998,5Æª,1997,4Æª
±»EI¿¯ÒýÓÃ,9824Æª,±»CSSCI¿¯ÒýÓÃ,4205Æª,±»CSCD¿¯ÒýÓÃ,31126Æª,2016,169Æª,2015,4548Æª,2014,8306Æª,2013,9267Æª,2012,8204Æª,2011,6926Æª,2010,6534Æª,2009,6131Æª,2008,6432Æª,2007,5879Æª,2006,4726Æª,2005,3082Æª,2004,2017Æª,2003,1167Æª,2002,845Æª,2001,447Æª,2000,177Æª,1999,28Æª,1998,18Æª,1997,9Æª
±»EI¿¯ÒýÓÃ,21570Æª,±»CSSCI¿¯ÒýÓÃ,4356Æª,±»CSCD¿¯ÒýÓÃ,62606Æª,2017,1Æª,2016,418Æª,2015,10420Æª,2014,19226Æª,2013,20274Æª,2012,19844Æª,2011,15217Æª,2010,13431Æª,2009,11334Æª,2008,10937Æª,2007,10170Æª,2006,7856Æª,2005,5460Æª,2004,3850Æª,2003,2159Æª,2002,1373Æª,2001,601Æª,2000,238Æª,1999,33Æª,1998,17Æª
±»EI¿¯ÒýÓÃ,31090Æª,±»CSSCI¿¯ÒýÓÃ,5260Æª,±»CSCD¿¯ÒýÓÃ,62000Æª,2017,2Æª,2016,669Æª,2015,14079Æª,2014,24979Æª,2013,26791Æª,2012,24691Æª,2011,18458Æª,2010,16862Æª,2009,15211Æª,2008,14797Æª,2007,15173Æª,2006,11688Æª,2005,8094Æª,2004,5625Æª,2003,3111Æª,2002,1817Æª,2001,780Æª,2000,341Æª,1999,40Æª,1998,11Æª
±»EI¿¯ÒýÓÃ,4242Æª,±»CSSCI¿¯ÒýÓÃ,1805Æª,±»CSCD¿¯ÒýÓÃ,34892Æª,2016,188Æª,2015,4097Æª,2014,7807Æª,2013,8606Æª,2012,7540Æª,2011,5879Æª,2010,5614Æª,2009,5018Æª,2008,5051Æª,2007,4404Æª,2006,3530Æª,2005,2714Æª,2004,1975Æª,2003,1303Æª,2002,721Æª,2001,491Æª,2000,194Æª,1999,16Æª,1998,6Æª,1997,6Æª
±»EI¿¯ÒýÓÃ,1208Æª,±»CSSCI¿¯ÒýÓÃ,1196Æª,±»CSCD¿¯ÒýÓÃ,22321Æª,2016,228Æª,2015,6248Æª,2014,13428Æª,2013,12833Æª,2012,11470Æª,2011,8316Æª,2010,7350Æª,2009,5903Æª,2008,4903Æª,2007,4411Æª,2006,2887Æª,2005,1834Æª,2004,1186Æª,2003,756Æª,2002,486Æª,2001,235Æª,2000,73Æª,1999,9Æª,1998,8Æª,1997,11Æª
±»EI¿¯ÒýÓÃ,121Æª,±»CSSCI¿¯ÒýÓÃ,15742Æª,±»CSCD¿¯ÒýÓÃ,3087Æª,2017,1Æª,2016,228Æª,2015,5590Æª,2014,13572Æª,2013,14980Æª,2012,14659Æª,2011,11617Æª,2010,9499Æª,2009,8224Æª,2008,8223Æª,2007,8238Æª,2006,6115Æª,2005,4055Æª,2004,3065Æª,2003,1892Æª,2002,1088Æª,2001,559Æª,2000,271Æª,1999,18Æª,1998,7Æª
±»CSSCI¿¯ÒýÓÃ,9626Æª,±»CSCD¿¯ÒýÓÃ,1311Æª,2017,1Æª,2016,335Æª,2015,4978Æª,2014,11199Æª,2013,11993Æª,2012,10542Æª,2011,8563Æª,2010,6838Æª,2009,4841Æª,2008,4581Æª,2007,4518Æª,2006,3121Æª,2005,2180Æª,2004,1410Æª,2003,777Æª,2002,459Æª,2001,234Æª,2000,94Æª,1999,6Æª,1998,5Æª,,
±»CSSCI¿¯ÒýÓÃ,16896Æª,±»CSCD¿¯ÒýÓÃ,2784Æª,2017,17Æª,2016,489Æª,2015,7993Æª,2014,16203Æª,2013,16281Æª,2012,14380Æª,2011,11965Æª,2010,9006Æª,2009,7990Æª,2008,8165Æª,2007,7760Æª,2006,5820Æª,2005,3603Æª,2004,2409Æª,2003,1565Æª,2002,839Æª,2001,445Æª,2000,156Æª,1999,5Æª,1998,2Æª,,
±»EI¿¯ÒýÓÃ,12644Æª,±»CSSCI¿¯ÒýÓÃ,8149Æª,±»CSCD¿¯ÒýÓÃ,38137Æª,2017,3Æª,2016,559Æª,2015,13427Æª,2014,22867Æª,2013,26304Æª,2012,22987Æª,2011,18000Æª,2010,16906Æª,2009,15320Æª,2008,14126Æª,2007,12778Æª,2006,9508Æª,2005,5840Æª,2004,3850Æª,2003,2112Æª,2002,1476Æª,2001,606Æª,2000,236Æª,1999,30Æª,1998,38Æª
±»EI¿¯ÒýÓÃ,2294Æª,±»CSSCI¿¯ÒýÓÃ,29745Æª,±»CSCD¿¯ÒýÓÃ,13262Æª,2017,2Æª,2016,812Æª,2015,12415Æª,2014,24048Æª,2013,24819Æª,2012,23866Æª,2011,18627Æª,2010,16903Æª,2009,14031Æª,2008,13787Æª,2007,12172Æª,2006,9061Æª,2005,6215Æª,2004,4143Æª,2003,2374Æª,2002,1384Æª,2001,650Æª,2000,274Æª,1999,16Æª,1998,9Æª
±»EI¿¯ÒýÓÃ,10215Æª,±»CSSCI¿¯ÒýÓÃ,4259Æª,±»CSCD¿¯ÒýÓÃ,32591Æª,2017,152Æª,2016,4806Æª,2015,7859Æª,2014,9234Æª,2013,9023Æª,2012,7857Æª,2011,6500Æª,2010,6144Æª,2009,5794Æª,2008,5867Æª,2007,5424Æª,2006,4263Æª,2005,2859Æª,2004,1809Æª,2003,1103Æª,2002,756Æª,2001,432Æª,2000,153Æª,1999,18Æª,1998,19Æª
±»EI¿¯ÒýÓÃ,22652Æª,±»CSSCI¿¯ÒýÓÃ,4529Æª,±»CSCD¿¯ÒýÓÃ,65967Æª,2017,438Æª,2016,11749Æª,2015,18327Æª,2014,21170Æª,2013,19822Æª,2012,19070Æª,2011,14304Æª,2010,12505Æª,2009,10366Æª,2008,9950Æª,2007,9261Æª,2006,7101Æª,2005,4990Æª,2004,3511Æª,2003,1896Æª,2002,1249Æª,2001,564Æª,2000,212Æª,1999,28Æª,1998,16Æª
±»EI¿¯ÒýÓÃ,31861Æª,±»CSSCI¿¯ÒýÓÃ,5395Æª,±»CSCD¿¯ÒýÓÃ,64289Æª,2017,739Æª,2016,16301Æª,2015,25183Æª,2014,27529Æª,2013,26154Æª,2012,23769Æª,2011,17557Æª,2010,15769Æª,2009,14121Æª,2008,13764Æª,2007,13841Æª,2006,10607Æª,2005,7407Æª,2004,5222Æª,2003,2887Æª,2002,1653Æª,2001,708Æª,2000,299Æª,1999,36Æª,1998,14Æª
±»EI¿¯ÒýÓÃ,4517Æª,±»CSSCI¿¯ÒýÓÃ,1818Æª,±»CSCD¿¯ÒýÓÃ,36186Æª,2017,92Æª,2016,5042Æª,2015,6879Æª,2014,8258Æª,2013,8023Æª,2012,7044Æª,2011,5408Æª,2010,5157Æª,2009,4592Æª,2008,4572Æª,2007,3896Æª,2006,3099Æª,2005,2460Æª,2004,1706Æª,2003,1211Æª,2002,624Æª,2001,444Æª,2000,187Æª,1999,11Æª,1998,9Æª
±»EI¿¯ÒýÓÃ,1338Æª,±»CSSCI¿¯ÒýÓÃ,1239Æª,±»CSCD¿¯ÒýÓÃ,24072Æª,2017,216Æª,2016,8656Æª,2015,12417Æª,2014,14286Æª,2013,12263Æª,2012,10983Æª,2011,7819Æª,2010,6851Æª,2009,5503Æª,2008,4546Æª,2007,4078Æª,2006,2624Æª,2005,1785Æª,2004,1109Æª,2003,679Æª,2002,436Æª,2001,250Æª,2000,66Æª,1999,6Æª,1998,7Æª
±»EI¿¯ÒýÓÃ,126Æª,±»CSSCI¿¯ÒýÓÃ,16542Æª,±»CSCD¿¯ÒýÓÃ,3173Æª,2017,246Æª,2016,6337Æª,2015,12479Æª,2014,15285Æª,2013,15569Æª,2012,14724Æª,2011,11563Æª,2010,9565Æª,2009,8135Æª,2008,8159Æª,2007,8099Æª,2006,5887Æª,2005,4042Æª,2004,3039Æª,2003,1827Æª,2002,1122Æª,2001,555Æª,2000,253Æª,1999,16Æª,1998,10Æª
±»EI¿¯ÒýÓÃ,115Æª,±»CSSCI¿¯ÒýÓÃ,9670Æª,±»CSCD¿¯ÒýÓÃ,1376Æª,2017,370Æª,2016,6266Æª,2015,9617Æª,2014,11193Æª,2013,10803Æª,2012,9248Æª,2011,7234Æª,2010,5756Æª,2009,4056Æª,2008,4073Æª,2007,3781Æª,2006,2676Æª,2005,1841Æª,2004,1276Æª,2003,696Æª,2002,396Æª,2001,187Æª,2000,97Æª,1999,4Æª,1998,3Æª
±»CSSCI¿¯ÒýÓÃ,17261Æª,±»CSCD¿¯ÒýÓÃ,2968Æª,2018,17Æª,2017,483Æª,2016,9687Æª,2015,16076Æª,2014,17453Æª,2013,16290Æª,2012,13941Æª,2011,11635Æª,2010,8534Æª,2009,7596Æª,2008,7717Æª,2007,7228Æª,2006,5524Æª,2005,3386Æª,2004,2312Æª,2003,1576Æª,2002,819Æª,2001,448Æª,2000,122Æª,1999,2Æª,,
±»EI¿¯ÒýÓÃ,12576Æª,±»CSSCI¿¯ÒýÓÃ,8264Æª,±»CSCD¿¯ÒýÓÃ,38177Æª,2018,3Æª,2017,576Æª,2016,13030Æª,2015,21928Æª,2014,24467Æª,2013,24591Æª,2012,21031Æª,2011,16053Æª,2010,14960Æª,2009,13298Æª,2008,12068Æª,2007,10654Æª,2006,7977Æª,2005,4982Æª,2004,3243Æª,2003,1779Æª,2002,1256Æª,2001,524Æª,2000,212Æª,1999,27Æª
±»EI¿¯ÒýÓÃ,2304Æª,±»CSSCI¿¯ÒýÓÃ,29053Æª,±»CSCD¿¯ÒýÓÃ,13363Æª,2018,2Æª,2017,815Æª,2016,14483Æª,2015,22031Æª,2014,24667Æª,2013,22414Æª,2012,21063Æª,2011,16159Æª,2010,14570Æª,2009,11989Æª,2008,11540Æª,2007,10154Æª,2006,7572Æª,2005,5253Æª,2004,3564Æª,2003,2048Æª,2002,1100Æª,2001,534Æª,2000,253Æª,1999,11Æª
±»EI¿¯ÒýÓÃ,9554Æª,±»CSSCI¿¯ÒýÓÃ,3816Æª,±»CSCD¿¯ÒýÓÃ,30816Æª,2018,135Æª,2017,5321Æª,2016,7625Æª,2015,7859Æª,2014,8055Æª,2013,7871Æª,2012,6542Æª,2011,5519Æª,2010,5096Æª,2009,4688Æª,2008,4765Æª,2007,4298Æª,2006,3425Æª,2005,2285Æª,2004,1476Æª,2003,900Æª,2002,642Æª,2001,363Æª,2000,114Æª,1999,20Æª
±»EI¿¯ÒýÓÃ,21441Æª,±»CSSCI¿¯ÒýÓÃ,4081Æª,±»CSCD¿¯ÒýÓÃ,62030Æª,2018,447Æª,2017,11895Æª,2016,18849Æª,2015,18449Æª,2014,18362Æª,2013,16781Æª,2012,15725Æª,2011,11928Æª,2010,10273Æª,2009,8440Æª,2008,7987Æª,2007,7391Æª,2006,5626Æª,2005,3923Æª,2004,2778Æª,2003,1522Æª,2002,997Æª,2001,434Æª,2000,167Æª,1999,18Æª
±»EI¿¯ÒýÓÃ,29577Æª,±»CSSCI¿¯ÒýÓÃ,4898Æª,±»CSCD¿¯ÒýÓÃ,59830Æª,2018,705Æª,2017,16282Æª,2016,25258Æª,2015,24676Æª,2014,23889Æª,2013,22075Æª,2012,19694Æª,2011,14589Æª,2010,13066Æª,2009,11372Æª,2008,11013Æª,2007,11002Æª,2006,8438Æª,2005,5854Æª,2004,4106Æª,2003,2220Æª,2002,1251Æª,2001,601Æª,2000,229Æª,1999,25Æª
±»EI¿¯ÒýÓÃ,4411Æª,±»CSSCI¿¯ÒýÓÃ,1686Æª,±»CSCD¿¯ÒýÓÃ,35195Æª,2018,151Æª,2017,4575Æª,2016,8087Æª,2015,7395Æª,2014,7600Æª,2013,7181Æª,2012,6238Æª,2011,4843Æª,2010,4534Æª,2009,4046Æª,2008,3939Æª,2007,3283Æª,2006,2689Æª,2005,2108Æª,2004,1488Æª,2003,976Æª,2002,520Æª,2001,331Æª,2000,160Æª,1999,15Æª
±»EI¿¯ÒýÓÃ,1285Æª,±»CSSCI¿¯ÒýÓÃ,1210Æª,±»CSCD¿¯ÒýÓÃ,22943Æª,2018,233Æª,2017,8969Æª,2016,14395Æª,2015,12219Æª,2014,11884Æª,2013,10291Æª,2012,8791Æª,2011,6284Æª,2010,5532Æª,2009,4344Æª,2008,3624Æª,2007,3157Æª,2006,2088Æª,2005,1313Æª,2004,886Æª,2003,544Æª,2002,353Æª,2001,164Æª,2000,45Æª,1999,12Æª
±»EI¿¯ÒýÓÃ,125Æª,±»CSSCI¿¯ÒýÓÃ,15315Æª,±»CSCD¿¯ÒýÓÃ,3061Æª,2018,306Æª,2017,7074Æª,2016,12419Æª,2015,12604Æª,2014,13282Æª,2013,12932Æª,2012,12405Æª,2011,9891Æª,2010,8071Æª,2009,6797Æª,2008,6816Æª,2007,6675Æª,2006,4876Æª,2005,3334Æª,2004,2463Æª,2003,1585Æª,2002,961Æª,2001,492Æª,2000,202Æª,1999,16Æª
±»CSSCI¿¯ÒýÓÃ,8331Æª,±»CSCD¿¯ÒýÓÃ,1242Æª,2018,251Æª,2017,6149Æª,2016,9344Æª,2015,8545Æª,2014,8535Æª,2013,7809Æª,2012,6683Æª,2011,5231Æª,2010,4076Æª,2009,2845Æª,2008,2881Æª,2007,2490Æª,2006,1825Æª,2005,1309Æª,2004,898Æª,2003,515Æª,2002,288Æª,2001,147Æª,2000,76Æª,1999,1Æª,,
±»CSSCI¿¯ÒýÓÃ,16027Æª,±»CSCD¿¯ÒýÓÃ,2798Æª,2018,810Æª,2017,11368Æª,2016,16223Æª,2015,16026Æª,2014,15392Æª,2013,14010Æª,2012,11869Æª,2011,9867Æª,2010,7168Æª,2009,6355Æª,2008,6367Æª,2007,5758Æª,2006,4420Æª,2005,2774Æª,2004,1911Æª,2003,1293Æª,2002,674Æª,2001,366Æª,2000,100Æª,1999,5Æª,,
±»EI¿¯ÒýÓÃ,11638Æª,±»CSSCI¿¯ÒýÓÃ,7404Æª,±»CSCD¿¯ÒýÓÃ,34134Æª,2018,657Æª,2017,13257Æª,2016,19528Æª,2015,20444Æª,2014,19991Æª,2013,19466Æª,2012,16187Æª,2011,12342Æª,2010,11339Æª,2009,10092Æª,2008,8764Æª,2007,7851Æª,2006,5861Æª,2005,3562Æª,2004,2347Æª,2003,1288Æª,2002,959Æª,2001,390Æª,2000,135Æª,1999,25Æª
±»EI¿¯ÒýÓÃ,2079Æª,±»CSSCI¿¯ÒýÓÃ,25139Æª,±»CSCD¿¯ÒýÓÃ,12198Æª,2018,877Æª,2017,14521Æª,2016,21761Æª,2015,20037Æª,2014,19870Æª,2013,16817Æª,2012,16004Æª,2011,12036Æª,2010,10931Æª,2009,8701Æª,2008,8382Æª,2007,7216Æª,2006,5366Æª,2005,3803Æª,2004,2621Æª,2003,1429Æª,2002,826Æª,2001,407Æª,2000,172Æª,1999,14Æª
