被引年,,,,,,,,,,,,,,,,,,,,,,,,,,,,,,,,,,,,,,,,,,,,,,,,,,,,,,,,,
2009,   基础科学 ,硕士文献,12853篇,博士文献,5319篇,全部文献,18172篇,被核心期刊引用,10277篇,被SCI刊引用,329篇,被EI刊引用,3015篇,被CSSCI刊引用,1784篇,被CSCD刊引用,8466篇,2009,224篇,2008,2492篇,2007,4034篇,2006,4217篇,2005,2699篇,2004,1892篇,2003,1129篇,2002,776篇,2001,456篇,2000,175篇,1999,20篇,1998,13篇,1997,12篇,1996,3篇,1995,6篇,1994,7篇,1993,2篇,1992,3篇,1991,2篇,1990,1篇
2009,   工程科技Ⅰ辑 ,硕士文献,21299篇,博士文献,6085篇,全部文献,27384篇,被核心期刊引用,17105篇,被SCI刊引用,326篇,被EI刊引用,5332篇,被CSSCI刊引用,1209篇,被CSCD刊引用,13878篇,2010,1篇,2009,234篇,2008,3224篇,2007,5951篇,2006,6250篇,2005,4450篇,2004,3343篇,2003,1863篇,2002,1236篇,2001,528篇,2000,219篇,1999,22篇,1998,19篇,1997,17篇,1996,8篇,1995,6篇,1994,3篇,1993,3篇,1992,3篇,1991,1篇
2009,   工程科技Ⅱ辑 ,硕士文献,37397篇,博士文献,7536篇,全部文献,44933篇,被核心期刊引用,25187篇,被SCI刊引用,139篇,被EI刊引用,10953篇,被CSSCI刊引用,1755篇,被CSCD刊引用,18374篇,2012,1篇,2010,6篇,2009,511篇,2008,5598篇,2007,10064篇,2006,10056篇,2005,7183篇,2004,5297篇,2003,3093篇,2002,1798篇,2001,858篇,2000,362篇,1999,45篇,1998,15篇,1997,10篇,1996,9篇,1995,10篇,1994,6篇,1992,6篇,1991,2篇
2009,   农业科技 ,硕士文献,37397篇,博士文献,7536篇,全部文献,44933篇,被核心期刊引用,25187篇,被SCI刊引用,139篇,被EI刊引用,10953篇,被CSSCI刊引用,1755篇,被CSCD刊引用,18374篇,2012,1篇,2010,6篇,2009,511篇,2008,5598篇,2007,10064篇,2006,10056篇,2005,7183篇,2004,5297篇,2003,3093篇,2002,1798篇,2001,858篇,2000,362篇,1999,45篇,1998,15篇,1997,10篇,1996,9篇,1995,10篇,1994,6篇,1992,6篇,1991,2篇
2009,   医药卫生科技 ,硕士文献,37397篇,博士文献,7536篇,全部文献,44933篇,被核心期刊引用,25187篇,被SCI刊引用,139篇,被EI刊引用,10953篇,被CSSCI刊引用,1755篇,被CSCD刊引用,18374篇,2012,1篇,2010,6篇,2009,511篇,2008,5598篇,2007,10064篇,2006,10056篇,2005,7183篇,2004,5297篇,2003,3093篇,2002,1798篇,2001,858篇,2000,362篇,1999,45篇,1998,15篇,1997,10篇,1996,9篇,1995,10篇,1994,6篇,1992,6篇,1991,2篇
2009,   哲学与人文科学 ,硕士文献,16008篇,博士文献,3010篇,全部文献,19018篇,被核心期刊引用,5788篇,被EI刊引用,32篇,被CSSCI刊引用,4930篇,被CSCD刊引用,935篇,2010,1篇,2009,81篇,2008,1902篇,2007,4697篇,2006,4272篇,2005,2872篇,2004,2290篇,2003,1402篇,2002,858篇,2001,435篇,2000,184篇,1999,8篇,1998,2篇,1997,7篇,1993,1篇,1992,3篇,1989,2篇,1986,1篇,,,,,,
2009,   社会科学Ⅰ辑 ,硕士文献,16539篇,博士文献,2023篇,全部文献,18562篇,被核心期刊引用,3714篇,被SCI刊引用,1篇,被EI刊引用,24篇,被CSSCI刊引用,3406篇,被CSCD刊引用,321篇,2010,1篇,2009,117篇,2008,1952篇,2007,5246篇,2006,4415篇,2005,2943篇,2004,1866篇,2003,1066篇,2002,551篇,2001,286篇,2000,101篇,1999,4篇,1998,4篇,1997,1篇,1996,3篇,1995,2篇,1994,1篇,1993,3篇,,,,
2009,   社会科学Ⅱ辑 ,硕士文献,19596篇,博士文献,1727篇,全部文献,21323篇,被核心期刊引用,7839篇,被EI刊引用,21篇,被CSSCI刊引用,5892篇,被CSCD刊引用,909篇,2009,105篇,2008,2662篇,2007,5462篇,2006,5098篇,2005,3090篇,2004,2158篇,2003,1395篇,2002,797篇,2001,412篇,2000,132篇,1999,4篇,1998,1篇,1997,4篇,1995,1篇,1994,1篇,1993,1篇,,,,,,,,,,
2009,   信息科技 ,硕士文献,42809篇,博士文献,6992篇,全部文献,49801篇,被核心期刊引用,18965篇,被SCI刊引用,162篇,被EI刊引用,5138篇,被CSSCI刊引用,2735篇,被CSCD刊引用,13238篇,2009,615篇,2008,7331篇,2007,12058篇,2006,11413篇,2005,7378篇,2004,4973篇,2003,2771篇,2002,1963篇,2001,854篇,2000,332篇,1999,50篇,1998,37篇,1997,13篇,1996,7篇,1995,2篇,1994,2篇,1993,1篇,1988,1篇,,,,
2009,   经济与管理科学 ,硕士文献,38486篇,博士文献,7773篇,全部文献,46259篇,被核心期刊引用,16676篇,被SCI刊引用,8篇,被EI刊引用,918篇,被CSSCI刊引用,11794篇,被CSCD刊引用,4721篇,2010,4篇,2009,432篇,2008,6027篇,2007,11656篇,2006,10580篇,2005,7200篇,2004,4710篇,2003,2863篇,2002,1644篇,2001,782篇,2000,317篇,1999,25篇,1998,10篇,1997,3篇,1996,1篇,1995,3篇,1993,1篇,1990,1篇,,,,
2010,   基础科学 ,硕士文献,20210篇,博士文献,7891篇,全部文献,28101篇,被核心期刊引用,15130篇,被SCI刊引用,468篇,被EI刊引用,4241篇,被CSSCI刊引用,2509篇,被CSCD刊引用,12632篇,2012,1篇,2011,1篇,2010,217篇,2009,3240篇,2008,5346篇,2007,5586篇,2006,5124篇,2005,3339篇,2004,2144篇,2003,1311篇,2002,927篇,2001,551篇,2000,208篇,1999,33篇,1998,22篇,1997,11篇,1996,3篇,1995,6篇,1994,8篇,1993,2篇
2010,   工程科技Ⅰ辑 ,硕士文献,34881篇,博士文献,9223篇,全部文献,44104篇,被核心期刊引用,25630篇,被SCI刊引用,450篇,被EI刊引用,7763篇,被CSSCI刊引用,1827篇,被CSCD刊引用,21114篇,2014,1篇,2012,1篇,2011,2篇,2010,315篇,2009,4876篇,2008,7549篇,2007,8896篇,2006,7892篇,2005,5616篇,2004,4078篇,2003,2277篇,2002,1567篇,2001,641篇,2000,282篇,1999,27篇,1998,20篇,1997,21篇,1996,14篇,1995,9篇,1994,4篇
2010,   工程科技Ⅱ辑 ,硕士文献,56005篇,博士文献,10099篇,全部文献,66104篇,被核心期刊引用,34813篇,被SCI刊引用,169篇,被EI刊引用,14622篇,被CSSCI刊引用,2489篇,被CSCD刊引用,25560篇,2012,2篇,2011,2篇,2010,620篇,2009,7638篇,2008,11209篇,2007,13565篇,2006,11754篇,2005,8294篇,2004,5992篇,2003,3428篇,2002,2104篇,2001,957篇,2000,418篇,1999,56篇,1998,16篇,1997,13篇,1996,8篇,1995,9篇,1994,6篇,1993,1篇
2010,   农业科技 ,硕士文献,16669篇,博士文献,5139篇,全部文献,21808篇,被核心期刊引用,15282篇,被SCI刊引用,16篇,被EI刊引用,1536篇,被CSSCI刊引用,786篇,被CSCD刊引用,13152篇,2011,1篇,2010,118篇,2009,2564篇,2008,3726篇,2007,4038篇,2006,3459篇,2005,2798篇,2004,1980篇,2003,1460篇,2002,797篇,2001,575篇,2000,242篇,1999,20篇,1998,12篇,1997,5篇,1996,6篇,1995,2篇,1994,3篇,1992,1篇,1990,1篇
2010,   医药卫生科技 ,硕士文献,10080篇,博士文献,3886篇,全部文献,13966篇,被核心期刊引用,5435篇,被SCI刊引用,27篇,被EI刊引用,393篇,被CSSCI刊引用,417篇,被CSCD刊引用,4701篇,2010,63篇,2009,1911篇,2008,2756篇,2007,3088篇,2006,2343篇,2005,1560篇,2004,979篇,2003,595篇,2002,367篇,2001,203篇,2000,48篇,1999,11篇,1998,9篇,1997,10篇,1996,2篇,1995,5篇,1994,6篇,1993,2篇,1992,2篇,1991,4篇
2010,   哲学与人文科学 ,硕士文献,28060篇,博士文献,4807篇,全部文献,32867篇,被核心期刊引用,8844篇,被EI刊引用,55篇,被CSSCI刊引用,7400篇,被CSCD刊引用,1365篇,2013,1篇,2010,94篇,2009,2888篇,2008,5777篇,2007,7390篇,2006,5803篇,2005,3926篇,2004,2994篇,2003,1870篇,2002,1171篇,2001,634篇,2000,271篇,1999,16篇,1998,6篇,1997,13篇,1996,2篇,1995,1篇,1994,1篇,1993,2篇,1992,3篇,,
2010,   社会科学Ⅰ辑 ,硕士文献,26149篇,博士文献,3047篇,全部文献,29196篇,被核心期刊引用,5233篇,被SCI刊引用,1篇,被EI刊引用,40篇,被CSSCI刊引用,4810篇,被CSCD刊引用,476篇,2012,2篇,2011,3篇,2010,189篇,2009,3225篇,2008,5667篇,2007,6898篇,2006,5096篇,2005,3406篇,2004,2205篇,2003,1234篇,2002,703篇,2001,384篇,2000,161篇,1999,6篇,1998,2篇,1997,3篇,1996,4篇,1995,2篇,1994,2篇,1993,2篇
2010,   社会科学Ⅱ辑 ,硕士文献,30081篇,博士文献,2444篇,全部文献,32525篇,被核心期刊引用,10953篇,被EI刊引用,25篇,被CSSCI刊引用,8213篇,被CSCD刊引用,1245篇,2012,1篇,2011,2篇,2010,172篇,2009,3426篇,2008,6491篇,2007,7273篇,2006,5917篇,2005,3590篇,2004,2402篇,2003,1620篇,2002,957篇,2001,489篇,2000,171篇,1999,6篇,1998,2篇,1997,4篇,1995,1篇,1994,1篇,,,,,,
2010,   信息科技 ,硕士文献,64536篇,博士文献,9449篇,全部文献,73985篇,被核心期刊引用,25994篇,被SCI刊引用,184篇,被EI刊引用,6683篇,被CSSCI刊引用,3933篇,被CSCD刊引用,18276篇,2012,3篇,2011,1篇,2010,646篇,2009,10094篇,2008,14539篇,2007,15649篇,2006,13071篇,2005,8062篇,2004,5337篇,2003,3056篇,2002,2142篇,2001,890篇,2000,369篇,1999,52篇,1998,44篇,1997,10篇,1996,9篇,1995,3篇,1994,6篇,1993,1篇
2010,   经济与管理科学 ,硕士文献,60884篇,博士文献,11159篇,全部文献,72043篇,被核心期刊引用,23863篇,被SCI刊引用,6篇,被EI刊引用,1206篇,被CSSCI刊引用,16490篇,被CSCD刊引用,6618篇,2014,1篇,2012,4篇,2011,8篇,2010,561篇,2009,8406篇,2008,14360篇,2007,15568篇,2006,12318篇,2005,8432篇,2004,5594篇,2003,3327篇,2002,1993篇,2001,1011篇,2000,410篇,1999,31篇,1998,9篇,1997,2篇,1996,2篇,1995,1篇,1994,2篇
2011,   基础科学 ,硕士文献,26314篇,博士文献,9717篇,全部文献,92864篇,被核心期刊引用,29122篇,被SCI刊引用,7篇,被EI刊引用,1450篇,被CSSCI刊引用,19858篇,被CSCD刊引用,8056篇,2013,2篇,2012,3篇,2011,196篇,2010,3617篇,2009,5466篇,2008,6462篇,2007,6227篇,2006,5402篇,2005,3406篇,2004,2184篇,2003,1312篇,2002,951篇,2001,497篇,2000,205篇,1999,30篇,1998,18篇,1997,10篇,1996,9篇,1995,9篇,1994,8篇
2011,   工程科技Ⅰ辑 ,硕士文献,26314篇,博士文献,9717篇,全部文献,58621篇,被核心期刊引用,32931篇,被SCI刊引用,553篇,被EI刊引用,9792篇,被CSSCI刊引用,2277篇,被CSCD刊引用,27346篇,2013,1篇,2011,349篇,2010,6328篇,2009,8805篇,2008,9879篇,2007,10010篇,2006,8337篇,2005,5841篇,2004,4191篇,2003,2298篇,2002,1549篇,2001,666篇,2000,266篇,1999,29篇,1998,21篇,1997,20篇,1996,7篇,1995,9篇,1994,1篇,1993,1篇
2011,   工程科技Ⅱ辑 ,硕士文献,71929篇,博士文献,12083篇,全部文献,58621篇,被核心期刊引用,32931篇,被SCI刊引用,553篇,被EI刊引用,9792篇,被CSSCI刊引用,2277篇,被CSCD刊引用,27346篇,2013,1篇,2012,7篇,2011,587篇,2010,8767篇,2009,12294篇,2008,13847篇,2007,14996篇,2006,12045篇,2005,8500篇,2004,5961篇,2003,3424篇,2002,2086篇,2001,938篇,2000,436篇,1999,58篇,1998,16篇,1997,8篇,1996,8篇,1995,11篇,1994,8篇
2011,   农业科技 ,硕士文献,71929篇,博士文献,12083篇,全部文献,26233篇,被核心期刊引用,18207篇,被SCI刊引用,22篇,被EI刊引用,1843篇,被CSSCI刊引用,979篇,被CSCD刊引用,15974篇,2013,2篇,2012,2篇,2011,122篇,2010,2666篇,2009,3809篇,2008,4491篇,2007,4122篇,2006,3408篇,2005,2689篇,2004,1966篇,2003,1367篇,2002,769篇,2001,522篇,2000,251篇,1999,16篇,1998,12篇,1997,4篇,1996,5篇,1995,3篇,1994,3篇
2011,   医药卫生科技 ,硕士文献,14846篇,博士文献,5513篇,全部文献,20359篇,被核心期刊引用,7747篇,被SCI刊引用,27篇,被EI刊引用,508篇,被CSSCI刊引用,560篇,被CSCD刊引用,6734篇,2013,2篇,2012,2篇,2011,122篇,2010,2666篇,2009,3809篇,2008,4491篇,2007,4122篇,2006,3408篇,2005,2689篇,2004,1966篇,2003,1367篇,2002,769篇,2001,522篇,2000,251篇,1999,16篇,1998,12篇,1997,4篇,1996,5篇,1995,3篇,1994,3篇
2011,   哲学与人文科学 ,硕士文献,39858篇,博士文献,6228篇,全部文献,20359篇,被核心期刊引用,7747篇,被SCI刊引用,27篇,被EI刊引用,508篇,被CSSCI刊引用,560篇,被CSCD刊引用,6734篇,2012,3篇,2011,156篇,2010,3530篇,2009,7045篇,2008,8178篇,2007,8676篇,2006,6401篇,2005,4304篇,2004,3312篇,2003,2122篇,2002,1293篇,2001,705篇,2000,306篇,1999,16篇,1998,10篇,1997,13篇,1996,3篇,1995,4篇,1994,1篇,1993,1篇
2011,   社会科学Ⅰ辑 ,硕士文献,39858篇,博士文献,6228篇,全部文献,40164篇,被核心期刊引用,6592篇,被SCI刊引用,1篇,被EI刊引用,43篇,被CSSCI刊引用,6014篇,被CSCD刊引用,585篇,2013,2篇,2012,1篇,2011,237篇,2010,4351篇,2009,6328篇,2008,7330篇,2007,7565篇,2006,5497篇,2005,3737篇,2004,2393篇,2003,1380篇,2002,747篇,2001,396篇,2000,166篇,1999,9篇,1998,6篇,1997,5篇,1996,4篇,1995,3篇,1994,4篇
2011,   社会科学Ⅱ辑 ,硕士文献,42924篇,博士文献,3090篇,全部文献,46014篇,被核心期刊引用,13804篇,被EI刊引用,37篇,被CSSCI刊引用,10229篇,被CSCD刊引用,1546篇,2014,2篇,2013,2篇,2012,3篇,2011,205篇,2010,3950篇,2009,7517篇,2008,8733篇,2007,8600篇,2006,6603篇,2005,3995篇,2004,2746篇,2003,1853篇,2002,1033篇,2001,560篇,2000,197篇,1999,7篇,1998,2篇,1997,3篇,1995,1篇,1994,1篇,,
2011,   信息科技 ,硕士文献,42924篇,博士文献,3090篇,全部文献,94970篇,被核心期刊引用,32017篇,被SCI刊引用,193篇,被EI刊引用,8042篇,被CSSCI刊引用,4755篇,被CSCD刊引用,22651篇,2011,632篇,2010,10844篇,2009,16643篇,2008,17474篇,2007,16533篇,2006,13104篇,2005,8045篇,2004,5297篇,2003,2937篇,2002,2093篇,2001,902篇,2000,358篇,1999,47篇,1998,37篇,1997,8篇,1996,5篇,1995,7篇,1994,2篇,1993,1篇,1989,1篇
2011,   经济与管理科学 ,硕士文献,42924篇,博士文献,3090篇,全部文献,92864篇,被核心期刊引用,29122篇,被SCI刊引用,7篇,被EI刊引用,1450篇,被CSSCI刊引用,19858篇,被CSCD刊引用,8056篇,2013,4篇,2012,4篇,2011,572篇,2010,9622篇,2009,15382篇,2008,17328篇,2007,16239篇,2006,12625篇,2005,8499篇,2004,5619篇,2003,3377篇,2002,2023篇,2001,1048篇,2000,475篇,1999,29篇,1998,5篇,1997,4篇,1996,1篇,1995,4篇,1994,1篇
2012,   基础科学 ,硕士文献,32941篇,博士文献,11480篇,全部文献,44421篇,被核心期刊引用,22124篇,被SCI刊引用,698篇,被EI刊引用,6185篇,被CSSCI刊引用,3392篇,被CSCD刊引用,19064篇,2012,242篇,2011,4152篇,2010,6106篇,2009,6110篇,2008,6993篇,2007,6542篇,2006,5469篇,2005,3497篇,2004,2241篇,2003,1319篇,2002,910篇,2001,535篇,2000,199篇,1999,29篇,1998,11篇,1997,15篇,1996,4篇,1995,6篇,1994,10篇,1993,1篇
2012,   工程科技Ⅰ辑 ,硕士文献,63161篇,博士文献,14453篇,全部文献,77614篇,被核心期刊引用,41527篇,被SCI刊引用,688篇,被EI刊引用,12043篇,被CSSCI刊引用,2787篇,被CSCD刊引用,34919篇,2013,2篇,2012,470篇,2011,8370篇,2010,11495篇,2009,10983篇,2008,11207篇,2007,10838篇,2006,8802篇,2005,6070篇,2004,4375篇,2003,2384篇,2002,1562篇,2001,650篇,2000,283篇,1999,29篇,1998,22篇,1997,24篇,1996,10篇,1995,10篇,1994,2篇
2012,   工程科技Ⅱ辑 ,硕士文献,63161篇,博士文献,14453篇,全部文献,110010篇,被核心期刊引用,52134篇,被SCI刊引用,196篇,被EI刊引用,20989篇,被CSSCI刊引用,3530篇,被CSCD刊引用,38899篇,2014,2篇,2013,1篇,2012,847篇,2011,11242篇,2010,15480篇,2009,15094篇,2008,15509篇,2007,16453篇,2006,12837篇,2005,9044篇,2004,6387篇,2003,3578篇,2002,2063篇,2001,922篇,2000,435篇,1999,53篇,1998,16篇,1997,11篇,1996,8篇,1995,6篇
2012,   农业科技 ,硕士文献,26060篇,博士文献,7267篇,全部文献,33327篇,被核心期刊引用,22413篇,被SCI刊引用,30篇,被EI刊引用,2253篇,被CSSCI刊引用,1130篇,被CSCD刊引用,19887篇,2012,125篇,2011,3285篇,2010,4692篇,2009,4490篇,2008,4908篇,2007,4343篇,2006,3570篇,2005,2875篇,2004,2034篇,2003,1396篇,2002,804篇,2001,507篇,2000,248篇,1999,18篇,1998,12篇,1997,5篇,1996,7篇,1995,2篇,1994,4篇,1989,1篇
2012,   医药卫生科技 ,硕士文献,21886篇,博士文献,7444篇,全部文献,29330篇,被核心期刊引用,10526篇,被SCI刊引用,24篇,被EI刊引用,612篇,被CSSCI刊引用,684篇,被CSCD刊引用,9612篇,2012,96篇,2011,3548篇,2010,5038篇,2009,4846篇,2008,4351篇,2007,4134篇,2006,2930篇,2005,1827篇,2004,1126篇,2003,699篇,2002,396篇,2001,222篇,2000,66篇,1999,7篇,1998,8篇,1997,12篇,1996,5篇,1995,7篇,1994,7篇,1993,2篇
2012,   哲学与人文科学 ,硕士文献,21886篇,博士文献,7444篇,全部文献,29330篇,被核心期刊引用,10526篇,被SCI刊引用,24篇,被EI刊引用,612篇,被CSSCI刊引用,684篇,被CSCD刊引用,9612篇,2014,1篇,2012,227篇,2011,4984篇,2010,8525篇,2009,8273篇,2008,8704篇,2007,9247篇,2006,6877篇,2005,4540篇,2004,3413篇,2003,2124篇,2002,1326篇,2001,732篇,2000,328篇,1999,15篇,1998,8篇,1997,8篇,1996,2篇,1994,2篇,1993,1篇
2012,   社会科学Ⅰ辑 ,硕士文献,51693篇,博士文献,7651篇,全部文献,59344篇,被核心期刊引用,13709篇,被SCI刊引用,1篇,被EI刊引用,78篇,被CSSCI刊引用,11207篇,被CSCD刊引用,2039篇,2012,157篇,2011,5838篇,2010,8039篇,2009,6248篇,2008,6974篇,2007,7232篇,2006,5136篇,2005,3446篇,2004,2214篇,2003,1261篇,2002,744篇,2001,375篇,2000,148篇,1999,7篇,1998,4篇,1997,2篇,1996,4篇,1995,3篇,1994,1篇,1993,2篇
2012,   社会科学Ⅱ辑 ,硕士文献,43215篇,博士文献,4623篇,全部文献,56178篇,被核心期刊引用,16021篇,被EI刊引用,45篇,被CSSCI刊引用,11937篇,被CSCD刊引用,1827篇,2013,5篇,2012,230篇,2011,5686篇,2010,8302篇,2009,8052篇,2008,8689篇,2007,8550篇,2006,6582篇,2005,3882篇,2004,2678篇,2003,1746篇,2002,1038篇,2001,547篇,2000,178篇,1999,6篇,1998,3篇,1997,3篇,1995,1篇,,,,,,
2012,   信息科技 ,硕士文献,105339篇,博士文献,13672篇,全部文献,119011篇,被核心期刊引用,38004篇,被SCI刊引用,216篇,被EI刊引用,9334篇,被CSSCI刊引用,5655篇,被CSCD刊引用,26929篇,2013,1篇,2012,778篇,2011,12513篇,2010,18441篇,2009,18865篇,2008,18415篇,2007,16913篇,2006,13204篇,2005,8148篇,2004,5346篇,2003,3008篇,2002,2101篇,2001,844篇,2000,326篇,1999,46篇,1998,32篇,1997,16篇,1996,5篇,1995,4篇,1994,2篇
2012,   经济与管理科学 ,硕士文献,101157篇,博士文献,16288篇,全部文献,117445篇,被核心期刊引用,33940篇,被SCI刊引用,5篇,被EI刊引用,1694篇,被CSSCI刊引用,23153篇,被CSCD刊引用,9428篇,2015,1篇,2013,5篇,2012,673篇,2011,11876篇,2010,18837篇,2009,17229篇,2008,18340篇,2007,16841篇,2006,12774篇,2005,8487篇,2004,5684篇,2003,3312篇,2002,1952篇,2001,974篇,2000,407篇,1999,26篇,1998,10篇,1997,3篇,1996,3篇,1995,5篇
2013,   基础科学 ,硕士文献,36655篇,博士文献,12292篇,全部文献,48947篇,被核心期刊引用,24374篇,被SCI刊引用,775篇,被EI刊引用,6902篇,被CSSCI刊引用,3639篇,被CSCD刊引用,21188篇,2013,195篇,2012,4396篇,2011,6080篇,2010,6288篇,2009,6104篇,2008,6606篇,2007,6137篇,2006,5029篇,2005,3202篇,2004,2033篇,2003,1236篇,2002,900篇,2001,453篇,2000,173篇,1999,34篇,1998,13篇,1997,12篇,1996,7篇,1995,12篇,1994,11篇
2013,   工程科技Ⅰ辑 ,硕士文献,73085篇,博士文献,15976篇,全部文献,89061篇,被核心期刊引用,47413篇,被SCI刊引用,754篇,被EI刊引用,13950篇,被CSSCI刊引用,3144篇,被CSCD刊引用,40018篇,2013,418篇,2012,9786篇,2011,12256篇,2010,12238篇,2009,10845篇,2008,10840篇,2007,10270篇,2006,8154篇,2005,5672篇,2004,4026篇,2003,2186篇,2002,1409篇,2001,604篇,2000,251篇,1999,29篇,1998,18篇,1997,15篇,1996,9篇,1995,13篇,1994,4篇
2013,   工程科技Ⅱ辑 ,硕士文献,109983篇,博士文献,16421篇,全部文献,89061篇,被核心期刊引用,47413篇,被SCI刊引用,754篇,被EI刊引用,13950篇,被CSSCI刊引用,3144篇,被CSCD刊引用,40018篇,2014,2篇,2013,600篇,2012,12996篇,2011,16392篇,2010,16433篇,2009,15092篇,2008,15390篇,2007,15975篇,2006,12247篇,2005,8568篇,2004,5984篇,2003,3365篇,2002,1965篇,2001,903篇,2000,388篇,1999,46篇,1998,17篇,1997,7篇,1996,6篇,1995,8篇
2013,   农业科技 ,硕士文献,109983篇,博士文献,16421篇,全部文献,37238篇,被核心期刊引用,24632篇,被SCI刊引用,26篇,被EI刊引用,2538篇,被CSSCI刊引用,1209篇,被CSCD刊引用,21957篇,2015,1篇,2013,136篇,2012,3611篇,2011,4641篇,2010,4879篇,2009,4499篇,2008,4711篇,2007,4197篇,2006,3356篇,2005,2631篇,2004,1841篇,2003,1282篇,2002,689篇,2001,498篇,2000,223篇,1999,19篇,1998,4篇,1997,3篇,1996,8篇,1995,1篇
2013,   医药卫生科技 ,硕士文献,29467篇,博士文献,7771篇,全部文献,37238篇,被核心期刊引用,24632篇,被SCI刊引用,26篇,被EI刊引用,2538篇,被CSSCI刊引用,1209篇,被CSCD刊引用,21957篇,2013,124篇,2012,4383篇,2011,5536篇,2010,5527篇,2009,4928篇,2008,4136篇,2007,3767篇,2006,2564篇,2005,1649篇,2004,1041篇,2003,665篇,2002,411篇,2001,221篇,2000,60篇,1999,11篇,1998,4篇,1997,10篇,1996,5篇,1995,8篇,1994,4篇
2013,   哲学与人文科学 ,硕士文献,26956篇,博士文献,8107篇,全部文献,69191篇,被核心期刊引用,15460篇,被SCI刊引用,1篇,被EI刊引用,96篇,被CSSCI刊引用,12419篇,被CSCD刊引用,2329篇,2013,124篇,2012,4383篇,2011,5536篇,2010,5527篇,2009,4928篇,2008,4136篇,2007,3767篇,2006,2564篇,2005,1649篇,2004,1041篇,2003,665篇,2002,411篇,2001,221篇,2000,60篇,1999,11篇,1998,4篇,1997,10篇,1996,5篇,1995,8篇,1994,4篇
2013,   社会科学Ⅰ辑 ,硕士文献,48401篇,博士文献,5334篇,全部文献,53735篇,被核心期刊引用,8378篇,被EI刊引用,73篇,被CSSCI刊引用,7642篇,被CSCD刊引用,824篇,2013,202篇,2012,5337篇,2011,9940篇,2010,8360篇,2009,5992篇,2008,6191篇,2007,6129篇,2006,4390篇,2005,2978篇,2004,1974篇,2003,1109篇,2002,624篇,2001,351篇,2000,132篇,1999,4篇,1998,5篇,1997,4篇,1996,2篇,1995,1篇,1994,4篇,,
2013,   社会科学Ⅱ辑 ,硕士文献,48401篇,博士文献,5334篇,全部文献,67130篇,被核心期刊引用,17654篇,被EI刊引用,46篇,被CSSCI刊引用,13023篇,被CSCD刊引用,2020篇,2013,239篇,2012,6463篇,2011,10718篇,2010,8993篇,2009,8033篇,2008,8503篇,2007,8189篇,2006,6310篇,2005,3857篇,2004,2566篇,2003,1662篇,2002,932篇,2001,482篇,2000,165篇,1999,6篇,1998,2篇,1997,5篇,1995,1篇,1994,2篇,1993,2篇,,
2013,   信息科技 ,硕士文献,62787篇,博士文献,4343篇,全部文献,132947篇,被核心期刊引用,41709篇,被SCI刊引用,200篇,被EI刊引用,10087篇,被CSSCI刊引用,6223篇,被CSCD刊引用,29742篇,2014,5篇,2013,712篇,2012,13833篇,2011,18244篇,2010,19054篇,2009,18292篇,2008,17250篇,2007,15661篇,2006,11952篇,2005,7416篇,2004,4806篇,2003,2649篇,2002,1895篇,2001,768篇,2000,311篇,1999,45篇,1998,35篇,1997,6篇,1996,5篇,1995,4篇
2013,   经济与管理科学 ,硕士文献,115103篇,博士文献,17784篇,全部文献,132887篇,被核心期刊引用,36985篇,被SCI刊引用,4篇,被EI刊引用,1857篇,被CSSCI刊引用,25120篇,被CSCD刊引用,10427篇,2014,3篇,2013,689篇,2012,13021篇,2011,19402篇,2010,19712篇,2009,16692篇,2008,16981篇,2007,15447篇,2006,11774篇,2005,7829篇,2004,5187篇,2003,3087篇,2002,1804篇,2001,843篇,2000,374篇,1999,28篇,1998,9篇,1997,2篇,1996,2篇,1990,1篇
2014,   基础科学 ,硕士文献,42222篇,博士文献,14597篇,全部文献,56819篇,被核心期刊引用,27860篇,被SCI刊引用,909篇,被EI刊引用,8001篇,被CSSCI刊引用,3895篇,被CSCD刊引用,24700篇,2014,244篇,2013,4976篇,2012,7207篇,2011,6659篇,2010,6391篇,2009,6145篇,2008,6473篇,2007,6044篇,2006,4793篇,2005,3132篇,2004,1992篇,2003,1230篇,2002,829篇,2001,439篇,2000,158篇,1999,24篇,1998,15篇,1997,13篇,1996,7篇,1995,12篇
2014,   工程科技Ⅰ辑 ,硕士文献,87358篇,博士文献,19306篇,全部文献,106664篇,被核心期刊引用,55453篇,被SCI刊引用,845篇,被EI刊引用,16301篇,被CSSCI刊引用,3641篇,被CSCD刊引用,47077篇,2014,466篇,2013,9680篇,2012,16951篇,2011,13901篇,2010,12683篇,2009,11089篇,2008,10706篇,2007,10033篇,2006,7781篇,2005,5446篇,2004,3717篇,2003,2065篇,2002,1299篇,2001,541篇,2000,208篇,1999,22篇,1998,15篇,1997,20篇,1996,11篇,1995,8篇
2014,   工程科技Ⅱ辑 ,硕士文献,87358篇,博士文献,19306篇,全部文献,149897篇,被核心期刊引用,66930篇,被SCI刊引用,200篇,被EI刊引用,26225篇,被CSSCI刊引用,4444篇,被CSCD刊引用,50883篇,2015,2篇,2014,775篇,2013,13754篇,2012,22024篇,2011,18034篇,2010,16735篇,2009,15395篇,2008,15183篇,2007,15636篇,2006,12002篇,2005,8315篇,2004,5723篇,2003,3196篇,2002,1845篇,2001,833篇,2000,357篇,1999,39篇,1998,10篇,1997,7篇,1996,6篇
2014,   农业科技 ,硕士文献,130330篇,博士文献,19567篇,全部文献,44670篇,被核心期刊引用,28932篇,被SCI刊引用,23篇,被EI刊引用,3080篇,被CSSCI刊引用,1462篇,被CSCD刊引用,25894篇,2014,128篇,2013,4296篇,2012,6181篇,2011,5306篇,2010,5167篇,2009,4669篇,2008,4598篇,2007,4093篇,2006,3256篇,2005,2609篇,2004,1781篇,2003,1193篇,2002,696篇,2001,459篇,2000,198篇,1999,16篇,1998,8篇,1997,5篇,1996,6篇,1995,1篇
2014,   医药卫生科技 ,硕士文献,35278篇,博士文献,9392篇,全部文献,48550篇,被核心期刊引用,16741篇,被SCI刊引用,29篇,被EI刊引用,857篇,被CSSCI刊引用,970篇,被CSCD刊引用,15151篇,2014,198篇,2013,5421篇,2012,9029篇,2011,7050篇,2010,6501篇,2009,5311篇,2008,4383篇,2007,3930篇,2006,2652篇,2005,1671篇,2004,1028篇,2003,665篇,2002,403篇,2001,214篇,2000,50篇,1999,8篇,1998,5篇,1997,4篇,1996,5篇,1995,8篇
2014,   哲学与人文科学 ,硕士文献,37001篇,博士文献,11549篇,全部文献,48550篇,被核心期刊引用,16741篇,被SCI刊引用,29篇,被EI刊引用,857篇,被CSSCI刊引用,970篇,被CSCD刊引用,15151篇,2014,318篇,2013,5578篇,2012,12295篇,2011,11107篇,2010,9326篇,2009,7933篇,2008,7868篇,2007,7989篇,2006,5899篇,2005,4021篇,2004,2983篇,2003,1793篇,2002,1054篇,2001,617篇,2000,238篇,1999,14篇,1998,11篇,1997,10篇,1996,4篇,1995,1篇
2014,   社会科学Ⅰ辑 ,硕士文献,69353篇,博士文献,9713篇,全部文献,79066篇,被核心期刊引用,16876篇,被SCI刊引用,1篇,被EI刊引用,85篇,被CSSCI刊引用,13280篇,被CSCD刊引用,2542篇,2014,318篇,2013,5578篇,2012,12295篇,2011,11107篇,2010,9326篇,2009,7933篇,2008,7868篇,2007,7989篇,2006,5899篇,2005,4021篇,2004,2983篇,2003,1793篇,2002,1054篇,2001,617篇,2000,238篇,1999,14篇,1998,11篇,1997,10篇,1996,4篇,1995,1篇
2014,   社会科学Ⅱ辑 ,硕士文献,76192篇,博士文献,5132篇,全部文献,81324篇,被核心期刊引用,19636篇,被EI刊引用,57篇,被CSSCI刊引用,14337篇,被CSCD刊引用,2297篇,2015,2篇,2014,598篇,2013,7146篇,2012,12774篇,2011,12047篇,2010,8970篇,2009,8107篇,2008,8324篇,2007,7946篇,2006,6033篇,2005,3731篇,2004,2458篇,2003,1673篇,2002,869篇,2001,498篇,2000,135篇,1999,6篇,1998,2篇,1997,3篇,1994,1篇,,
2014,   信息科技 ,硕士文献,135849篇,博士文献,17525篇,全部文献,153374篇,被核心期刊引用,46660篇,被SCI刊引用,216篇,被EI刊引用,11142篇,被CSSCI刊引用,7015篇,被CSCD刊引用,33502篇,2015,5篇,2014,1226篇,2013,15576篇,2012,22435篇,2011,19482篇,2010,18602篇,2009,17611篇,2008,16149篇,2007,14753篇,2006,11207篇,2005,6756篇,2004,4383篇,2003,2448篇,2002,1660篇,2001,702篇,2000,292篇,1999,36篇,1998,32篇,1997,9篇,1996,4篇
2014,   经济与管理科学 ,硕士文献,129715篇,博士文献,20082篇,全部文献,149797篇,被核心期刊引用,40423篇,被SCI刊引用,8篇,被EI刊引用,2020篇,被CSSCI刊引用,27171篇,被CSCD刊引用,11559篇,2014,1047篇,2013,12288篇,2012,23480篇,2011,20436篇,2010,18842篇,2009,15952篇,2008,15701篇,2007,14121篇,2006,10553篇,2005,7238篇,2004,4707篇,2003,2763篇,2002,1513篇,2001,769篇,2000,353篇,1999,20篇,1998,7篇,1997,4篇,1996,1篇,1995,1篇
2015,   基础科学 ,硕士文献,48940篇,博士文献,16603篇,全部文献,65543篇,被核心期刊引用,30883篇,被SCI刊引用,1008篇,被EI刊引用,8944篇,被CSSCI刊引用,4044篇,被CSCD刊引用,28001篇,2015,139篇,2014,5188篇,2013,8270篇,2012,8022篇,2011,6756篇,2010,6433篇,2009,5979篇,2008,6419篇,2007,5886篇,2006,4727篇,2005,3040篇,2004,2016篇,2003,1206篇,2002,786篇,2001,414篇,2000,170篇,1999,19篇,1998,16篇,1997,9篇,1996,6篇
2015,   工程科技Ⅰ辑 ,硕士文献,107672篇,博士文献,22722篇,全部文献,130394篇,被核心期刊引用,64406篇,被SCI刊引用,932篇,被EI刊引用,19002篇,被CSSCI刊引用,4027篇,被CSCD刊引用,55672篇,2015,344篇,2014,11260篇,2013,17716篇,2012,19184篇,2011,14776篇,2010,13262篇,2009,11206篇,2008,10746篇,2007,10153篇,2006,7936篇,2005,5485篇,2004,3899篇,2003,2144篇,2002,1377篇,2001,584篇,2000,229篇,1999,23篇,1998,15篇,1997,18篇,1996,8篇
2015,   工程科技Ⅱ辑 ,硕士文献,154341篇,博士文献,22009篇,全部文献,176350篇,被核心期刊引用,74195篇,被SCI刊引用,212篇,被EI刊引用,28945篇,被CSSCI刊引用,4957篇,被CSCD刊引用,56929篇,2015,537篇,2014,14720篇,2013,24177篇,2012,23965篇,2011,18368篇,2010,16778篇,2009,15250篇,2008,14900篇,2007,15463篇,2006,11889篇,2005,8290篇,2004,5764篇,2003,3162篇,2002,1838篇,2001,816篇,2000,340篇,1999,39篇,1998,13篇,1997,8篇,1996,7篇
2015,   农业科技 ,硕士文献,44381篇,博士文献,11101篇,全部文献,55482篇,被核心期刊引用,34123篇,被SCI刊引用,30篇,被EI刊引用,3708篇,被CSSCI刊引用,1662篇,被CSCD刊引用,30883篇,2015,85篇,2014,4989篇,2013,7731篇,2012,7231篇,2011,5534篇,2010,5324篇,2009,4887篇,2008,4786篇,2007,4249篇,2006,3395篇,2005,2697篇,2004,1916篇,2003,1241篇,2002,681篇,2001,489篇,2000,213篇,1999,10篇,1998,8篇,1997,4篇,1996,9篇
2015,   医药卫生科技 ,硕士文献,51589篇,博士文献,13626篇,全部文献,65215篇,被核心期刊引用,21036篇,被SCI刊引用,36篇,被EI刊引用,1018篇,被CSSCI刊引用,1093篇,被CSCD刊引用,18670篇,2015,121篇,2014,7477篇,2013,10682篇,2012,10400篇,2011,7830篇,2010,6981篇,2009,5680篇,2008,4624篇,2007,4232篇,2006,2799篇,2005,1778篇,2004,1189篇,2003,660篇,2002,432篇,2001,220篇,2000,55篇,1999,6篇,1998,8篇,1997,15篇,1996,5篇
2015,   哲学与人文科学 ,硕士文献,81817篇,博士文献,10969篇,全部文献,92786篇,被核心期刊引用,17908篇,被SCI刊引用,1篇,被EI刊引用,110篇,被CSSCI刊引用,14457篇,被CSCD刊引用,2869篇,2015,187篇,2014,6664篇,2013,12451篇,2012,13778篇,2011,11153篇,2010,9173篇,2009,7808篇,2008,7671篇,2007,7861篇,2006,5613篇,2005,3782篇,2004,2932篇,2003,1770篇,2002,1063篇,2001,591篇,2000,234篇,1999,19篇,1998,6篇,1997,13篇,1996,3篇
2015,   社会科学Ⅰ辑 ,硕士文献,59618篇,博士文献,7253篇,全部文献,66871篇,被核心期刊引用,9906篇,被EI刊引用,105篇,被CSSCI刊引用,9100篇,被CSCD刊引用,1184篇,2015,177篇,2014,6115篇,2013,10696篇,2012,10628篇,2011,8872篇,2010,6950篇,2009,5029篇,2008,4848篇,2007,4718篇,2006,3424篇,2005,2268篇,2004,1511篇,2003,777篇,2002,460篇,2001,262篇,2000,110篇,1999,4篇,1998,5篇,1997,4篇,1996,5篇,,
2015,   社会科学Ⅱ辑 ,硕士文献,91783篇,博士文献,5767篇,全部文献,97550篇,被核心期刊引用,21440篇,被EI刊引用,71篇,被CSSCI刊引用,15731篇,被CSCD刊引用,2545篇,2016,3篇,2015,364篇,2014,9527篇,2013,14134篇,2012,13932篇,2011,11949篇,2010,8842篇,2009,7924篇,2008,7973篇,2007,7817篇,2006,5897篇,2005,3639篇,2004,2457篇,2003,1600篇,2002,871篇,2001,477篇,2000,134篇,1999,4篇,1998,2篇,1997,3篇,,
2015,   信息科技 ,硕士文献,149379篇,博士文献,18877篇,全部文献,168256篇,被核心期刊引用,49499篇,被SCI刊引用,217篇,被EI刊引用,11913篇,被CSSCI刊引用,7618篇,被CSCD刊引用,36094篇,2015,784篇,2014,13918篇,2013,24813篇,2012,23019篇,2011,18296篇,2010,17430篇,2009,16184篇,2008,14966篇,2007,13522篇,2006,10183篇,2005,6293篇,2004,4100篇,2003,2230篇,2002,1562篇,2001,636篇,2000,243篇,1999,29篇,1998,30篇,1997,6篇,1996,5篇
2015,   经济与管理科学 ,硕士文献,144315篇,博士文献,21423篇,全部文献,165738篇,被核心期刊引用,42309篇,被SCI刊引用,9篇,被EI刊引用,2183篇,被CSSCI刊引用,28568篇,被CSCD刊引用,12548篇,2016,1篇,2015,689篇,2014,14285篇,2013,22366篇,2012,24051篇,2011,18953篇,2010,17543篇,2009,14561篇,2008,14492篇,2007,12935篇,2006,9757篇,2005,6604篇,2004,4394篇,2003,2564篇,2002,1498篇,2001,710篇,2000,300篇,1999,22篇,1998,5篇,1997,4篇
2016,   基础科学 ,硕士文献,56045篇,博士文献,18920篇,全部文献,74965篇,被核心期刊引用,33823篇,被SCI刊引用,1073篇,被EI刊引用,9824篇,被CSSCI刊引用,4205篇,被CSCD刊引用,31126篇,2016,169篇,2015,4548篇,2014,8306篇,2013,9267篇,2012,8204篇,2011,6926篇,2010,6534篇,2009,6131篇,2008,6432篇,2007,5879篇,2006,4726篇,2005,3082篇,2004,2017篇,2003,1167篇,2002,845篇,2001,447篇,2000,177篇,1999,28篇,1998,18篇,1997,9篇
2016,   工程科技Ⅰ辑 ,硕士文献,126437篇,博士文献,26466篇,全部文献,152903篇,被核心期刊引用,71078篇,被SCI刊引用,977篇,被EI刊引用,21570篇,被CSSCI刊引用,4356篇,被CSCD刊引用,62606篇,2017,1篇,2016,418篇,2015,10420篇,2014,19226篇,2013,20274篇,2012,19844篇,2011,15217篇,2010,13431篇,2009,11334篇,2008,10937篇,2007,10170篇,2006,7856篇,2005,5460篇,2004,3850篇,2003,2159篇,2002,1373篇,2001,601篇,2000,238篇,1999,33篇,1998,17篇
2016,   工程科技Ⅱ辑 ,硕士文献,178422篇,博士文献,24846篇,全部文献,203268篇,被核心期刊引用,79371篇,被SCI刊引用,230篇,被EI刊引用,31090篇,被CSSCI刊引用,5260篇,被CSCD刊引用,62000篇,2017,2篇,2016,669篇,2015,14079篇,2014,24979篇,2013,26791篇,2012,24691篇,2011,18458篇,2010,16862篇,2009,15211篇,2008,14797篇,2007,15173篇,2006,11688篇,2005,8094篇,2004,5625篇,2003,3111篇,2002,1817篇,2001,780篇,2000,341篇,1999,40篇,1998,11篇
2016,   农业科技 ,硕士文献,52157篇,博士文献,13014篇,全部文献,65171篇,被核心期刊引用,38154篇,被SCI刊引用,35篇,被EI刊引用,4242篇,被CSSCI刊引用,1805篇,被CSCD刊引用,34892篇,2016,188篇,2015,4097篇,2014,7807篇,2013,8606篇,2012,7540篇,2011,5879篇,2010,5614篇,2009,5018篇,2008,5051篇,2007,4404篇,2006,3530篇,2005,2714篇,2004,1975篇,2003,1303篇,2002,721篇,2001,491篇,2000,194篇,1999,16篇,1998,6篇,1997,6篇
2016,   医药卫生科技 ,硕士文献,65306篇,博士文献,17288篇,全部文献,82594篇,被核心期刊引用,24922篇,被SCI刊引用,50篇,被EI刊引用,1208篇,被CSSCI刊引用,1196篇,被CSCD刊引用,22321篇,2016,228篇,2015,6248篇,2014,13428篇,2013,12833篇,2012,11470篇,2011,8316篇,2010,7350篇,2009,5903篇,2008,4903篇,2007,4411篇,2006,2887篇,2005,1834篇,2004,1186篇,2003,756篇,2002,486篇,2001,235篇,2000,73篇,1999,9篇,1998,8篇,1997,11篇
2016,   哲学与人文科学 ,硕士文献,99133篇,博士文献,12793篇,全部文献,111926篇,被核心期刊引用,19358篇,被SCI刊引用,2篇,被EI刊引用,121篇,被CSSCI刊引用,15742篇,被CSCD刊引用,3087篇,2017,1篇,2016,228篇,2015,5590篇,2014,13572篇,2013,14980篇,2012,14659篇,2011,11617篇,2010,9499篇,2009,8224篇,2008,8223篇,2007,8238篇,2006,6115篇,2005,4055篇,2004,3065篇,2003,1892篇,2002,1088篇,2001,559篇,2000,271篇,1999,18篇,1998,7篇
2016,   社会科学Ⅰ辑 ,硕士文献,68248篇,博士文献,8443篇,全部文献,76691篇,被核心期刊引用,10453篇,被EI刊引用,111篇,被CSSCI刊引用,9626篇,被CSCD刊引用,1311篇,2017,1篇,2016,335篇,2015,4978篇,2014,11199篇,2013,11993篇,2012,10542篇,2011,8563篇,2010,6838篇,2009,4841篇,2008,4581篇,2007,4518篇,2006,3121篇,2005,2180篇,2004,1410篇,2003,777篇,2002,459篇,2001,234篇,2000,94篇,1999,6篇,1998,5篇,,
2016,   社会科学Ⅱ辑 ,硕士文献,108451篇,博士文献,6649篇,全部文献,115100篇,被核心期刊引用,22668篇,被EI刊引用,82篇,被CSSCI刊引用,16896篇,被CSCD刊引用,2784篇,2017,17篇,2016,489篇,2015,7993篇,2014,16203篇,2013,16281篇,2012,14380篇,2011,11965篇,2010,9006篇,2009,7990篇,2008,8165篇,2007,7760篇,2006,5820篇,2005,3603篇,2004,2409篇,2003,1565篇,2002,839篇,2001,445篇,2000,156篇,1999,5篇,1998,2篇,,
2016,   信息科技 ,硕士文献,166250篇,博士文献,20744篇,全部文献,186994篇,被核心期刊引用,51930篇,被SCI刊引用,219篇,被EI刊引用,12644篇,被CSSCI刊引用,8149篇,被CSCD刊引用,38137篇,2017,3篇,2016,559篇,2015,13427篇,2014,22867篇,2013,26304篇,2012,22987篇,2011,18000篇,2010,16906篇,2009,15320篇,2008,14126篇,2007,12778篇,2006,9508篇,2005,5840篇,2004,3850篇,2003,2112篇,2002,1476篇,2001,606篇,2000,236篇,1999,30篇,1998,38篇
2016,   经济与管理科学 ,硕士文献,162247篇,博士文献,23366篇,全部文献,185613篇,被核心期刊引用,43868篇,被SCI刊引用,6篇,被EI刊引用,2294篇,被CSSCI刊引用,29745篇,被CSCD刊引用,13262篇,2017,2篇,2016,812篇,2015,12415篇,2014,24048篇,2013,24819篇,2012,23866篇,2011,18627篇,2010,16903篇,2009,14031篇,2008,13787篇,2007,12172篇,2006,9061篇,2005,6215篇,2004,4143篇,2003,2374篇,2002,1384篇,2001,650篇,2000,274篇,1999,16篇,1998,9篇
2017,   基础科学 ,硕士文献,60142篇,博士文献,19996篇,全部文献,80138篇,被核心期刊引用,34245篇,被SCI刊引用,1082篇,被EI刊引用,10215篇,被CSSCI刊引用,4259篇,被CSCD刊引用,32591篇,2017,152篇,2016,4806篇,2015,7859篇,2014,9234篇,2013,9023篇,2012,7857篇,2011,6500篇,2010,6144篇,2009,5794篇,2008,5867篇,2007,5424篇,2006,4263篇,2005,2859篇,2004,1809篇,2003,1103篇,2002,756篇,2001,432篇,2000,153篇,1999,18篇,1998,19篇
2017,   工程科技Ⅰ辑 ,硕士文献,138126篇,博士文献,28462篇,全部文献,166588篇,被核心期刊引用,73369篇,被SCI刊引用,991篇,被EI刊引用,22652篇,被CSSCI刊引用,4529篇,被CSCD刊引用,65967篇,2017,438篇,2016,11749篇,2015,18327篇,2014,21170篇,2013,19822篇,2012,19070篇,2011,14304篇,2010,12505篇,2009,10366篇,2008,9950篇,2007,9261篇,2006,7101篇,2005,4990篇,2004,3511篇,2003,1896篇,2002,1249篇,2001,564篇,2000,212篇,1999,28篇,1998,16篇
2017,   工程科技Ⅱ辑 ,硕士文献,196925篇,博士文献,26681篇,全部文献,223606篇,被核心期刊引用,79971篇,被SCI刊引用,243篇,被EI刊引用,31861篇,被CSSCI刊引用,5395篇,被CSCD刊引用,64289篇,2017,739篇,2016,16301篇,2015,25183篇,2014,27529篇,2013,26154篇,2012,23769篇,2011,17557篇,2010,15769篇,2009,14121篇,2008,13764篇,2007,13841篇,2006,10607篇,2005,7407篇,2004,5222篇,2003,2887篇,2002,1653篇,2001,708篇,2000,299篇,1999,36篇,1998,14篇
2017,   农业科技 ,硕士文献,55202篇,博士文献,13532篇,全部文献,68734篇,被核心期刊引用,38516篇,被SCI刊引用,37篇,被EI刊引用,4517篇,被CSSCI刊引用,1818篇,被CSCD刊引用,36186篇,2017,92篇,2016,5042篇,2015,6879篇,2014,8258篇,2013,8023篇,2012,7044篇,2011,5408篇,2010,5157篇,2009,4592篇,2008,4572篇,2007,3896篇,2006,3099篇,2005,2460篇,2004,1706篇,2003,1211篇,2002,624篇,2001,444篇,2000,187篇,1999,11篇,1998,9篇
2017,   医药卫生科技 ,硕士文献,75610篇,博士文献,19008篇,全部文献,94618篇,被核心期刊引用,26248篇,被SCI刊引用,64篇,被EI刊引用,1338篇,被CSSCI刊引用,1239篇,被CSCD刊引用,24072篇,2017,216篇,2016,8656篇,2015,12417篇,2014,14286篇,2013,12263篇,2012,10983篇,2011,7819篇,2010,6851篇,2009,5503篇,2008,4546篇,2007,4078篇,2006,2624篇,2005,1785篇,2004,1109篇,2003,679篇,2002,436篇,2001,250篇,2000,66篇,1999,6篇,1998,7篇
2017,   哲学与人文科学 ,硕士文献,112989篇,博士文献,13949篇,全部文献,126938篇,被核心期刊引用,19761篇,被SCI刊引用,1篇,被EI刊引用,126篇,被CSSCI刊引用,16542篇,被CSCD刊引用,3173篇,2017,246篇,2016,6337篇,2015,12479篇,2014,15285篇,2013,15569篇,2012,14724篇,2011,11563篇,2010,9565篇,2009,8135篇,2008,8159篇,2007,8099篇,2006,5887篇,2005,4042篇,2004,3039篇,2003,1827篇,2002,1122篇,2001,555篇,2000,253篇,1999,16篇,1998,10篇
2017,   社会科学Ⅰ辑 ,硕士文献,70795篇,博士文献,8787篇,全部文献,79582篇,被核心期刊引用,10185篇,被SCI刊引用,1篇,被EI刊引用,115篇,被CSSCI刊引用,9670篇,被CSCD刊引用,1376篇,2017,370篇,2016,6266篇,2015,9617篇,2014,11193篇,2013,10803篇,2012,9248篇,2011,7234篇,2010,5756篇,2009,4056篇,2008,4073篇,2007,3781篇,2006,2676篇,2005,1841篇,2004,1276篇,2003,696篇,2002,396篇,2001,187篇,2000,97篇,1999,4篇,1998,3篇
2017,   社会科学Ⅱ辑 ,硕士文献,123761篇,博士文献,7095篇,全部文献,130856篇,被核心期刊引用,22714篇,被EI刊引用,91篇,被CSSCI刊引用,17261篇,被CSCD刊引用,2968篇,2018,17篇,2017,483篇,2016,9687篇,2015,16076篇,2014,17453篇,2013,16290篇,2012,13941篇,2011,11635篇,2010,8534篇,2009,7596篇,2008,7717篇,2007,7228篇,2006,5524篇,2005,3386篇,2004,2312篇,2003,1576篇,2002,819篇,2001,448篇,2000,122篇,1999,2篇,,
2017,   信息科技 ,硕士文献,171272篇,博士文献,21431篇,全部文献,192703篇,被核心期刊引用,50554篇,被SCI刊引用,225篇,被EI刊引用,12576篇,被CSSCI刊引用,8264篇,被CSCD刊引用,38177篇,2018,3篇,2017,576篇,2016,13030篇,2015,21928篇,2014,24467篇,2013,24591篇,2012,21031篇,2011,16053篇,2010,14960篇,2009,13298篇,2008,12068篇,2007,10654篇,2006,7977篇,2005,4982篇,2004,3243篇,2003,1779篇,2002,1256篇,2001,524篇,2000,212篇,1999,27篇
2017,   经济与管理科学 ,硕士文献,167031篇,博士文献,23205篇,全部文献,190236篇,被核心期刊引用,41763篇,被SCI刊引用,4篇,被EI刊引用,2304篇,被CSSCI刊引用,29053篇,被CSCD刊引用,13363篇,2018,2篇,2017,815篇,2016,14483篇,2015,22031篇,2014,24667篇,2013,22414篇,2012,21063篇,2011,16159篇,2010,14570篇,2009,11989篇,2008,11540篇,2007,10154篇,2006,7572篇,2005,5253篇,2004,3564篇,2003,2048篇,2002,1100篇,2001,534篇,2000,253篇,1999,11篇
2018,   基础科学 ,硕士文献,57476篇,博士文献,19589篇,全部文献,77065篇,被核心期刊引用,26484篇,被SCI刊引用,940篇,被EI刊引用,9554篇,被CSSCI刊引用,3816篇,被CSCD刊引用,30816篇,2018,135篇,2017,5321篇,2016,7625篇,2015,7859篇,2014,8055篇,2013,7871篇,2012,6542篇,2011,5519篇,2010,5096篇,2009,4688篇,2008,4765篇,2007,4298篇,2006,3425篇,2005,2285篇,2004,1476篇,2003,900篇,2002,642篇,2001,363篇,2000,114篇,1999,20篇
2018,   工程科技Ⅰ辑 ,硕士文献,133677篇,博士文献,28374篇,全部文献,162051篇,被核心期刊引用,56101篇,被SCI刊引用,784篇,被EI刊引用,21441篇,被CSSCI刊引用,4081篇,被CSCD刊引用,62030篇,2018,447篇,2017,11895篇,2016,18849篇,2015,18449篇,2014,18362篇,2013,16781篇,2012,15725篇,2011,11928篇,2010,10273篇,2009,8440篇,2008,7987篇,2007,7391篇,2006,5626篇,2005,3923篇,2004,2778篇,2003,1522篇,2002,997篇,2001,434篇,2000,167篇,1999,18篇
2018,   工程科技Ⅱ辑 ,硕士文献,189789篇,博士文献,26606篇,全部文献,216395篇,被核心期刊引用,64299篇,被SCI刊引用,185篇,被EI刊引用,29577篇,被CSSCI刊引用,4898篇,被CSCD刊引用,59830篇,2018,705篇,2017,16282篇,2016,25258篇,2015,24676篇,2014,23889篇,2013,22075篇,2012,19694篇,2011,14589篇,2010,13066篇,2009,11372篇,2008,11013篇,2007,11002篇,2006,8438篇,2005,5854篇,2004,4106篇,2003,2220篇,2002,1251篇,2001,601篇,2000,229篇,1999,25篇
2018,   农业科技 ,硕士文献,56054篇,博士文献,14124篇,全部文献,70178篇,被核心期刊引用,30178篇,被SCI刊引用,28篇,被EI刊引用,4411篇,被CSSCI刊引用,1686篇,被CSCD刊引用,35195篇,2018,151篇,2017,4575篇,2016,8087篇,2015,7395篇,2014,7600篇,2013,7181篇,2012,6238篇,2011,4843篇,2010,4534篇,2009,4046篇,2008,3939篇,2007,3283篇,2006,2689篇,2005,2108篇,2004,1488篇,2003,976篇,2002,520篇,2001,331篇,2000,160篇,1999,15篇
2018,   医药卫生科技 ,硕士文献,76084篇,博士文献,19073篇,全部文献,95157篇,被核心期刊引用,17856篇,被SCI刊引用,35篇,被EI刊引用,1285篇,被CSSCI刊引用,1210篇,被CSCD刊引用,22943篇,2018,233篇,2017,8969篇,2016,14395篇,2015,12219篇,2014,11884篇,2013,10291篇,2012,8791篇,2011,6284篇,2010,5532篇,2009,4344篇,2008,3624篇,2007,3157篇,2006,2088篇,2005,1313篇,2004,886篇,2003,544篇,2002,353篇,2001,164篇,2000,45篇,1999,12篇
2018,   哲学与人文科学 ,硕士文献,109669篇,博士文献,13571篇,全部文献,123240篇,被核心期刊引用,16135篇,被SCI刊引用,2篇,被EI刊引用,125篇,被CSSCI刊引用,15315篇,被CSCD刊引用,3061篇,2018,306篇,2017,7074篇,2016,12419篇,2015,12604篇,2014,13282篇,2013,12932篇,2012,12405篇,2011,9891篇,2010,8071篇,2009,6797篇,2008,6816篇,2007,6675篇,2006,4876篇,2005,3334篇,2004,2463篇,2003,1585篇,2002,961篇,2001,492篇,2000,202篇,1999,16篇
2018,   社会科学Ⅰ辑 ,硕士文献,61497篇,博士文献,8410篇,全部文献,69907篇,被核心期刊引用,7365篇,被EI刊引用,108篇,被CSSCI刊引用,8331篇,被CSCD刊引用,1242篇,2018,251篇,2017,6149篇,2016,9344篇,2015,8545篇,2014,8535篇,2013,7809篇,2012,6683篇,2011,5231篇,2010,4076篇,2009,2845篇,2008,2881篇,2007,2490篇,2006,1825篇,2005,1309篇,2004,898篇,2003,515篇,2002,288篇,2001,147篇,2000,76篇,1999,1篇,,
2018,   社会科学Ⅱ辑 ,硕士文献,125526篇,博士文献,7237篇,全部文献,132763篇,被核心期刊引用,19084篇,被EI刊引用,85篇,被CSSCI刊引用,16027篇,被CSCD刊引用,2798篇,2018,810篇,2017,11368篇,2016,16223篇,2015,16026篇,2014,15392篇,2013,14010篇,2012,11869篇,2011,9867篇,2010,7168篇,2009,6355篇,2008,6367篇,2007,5758篇,2006,4420篇,2005,2774篇,2004,1911篇,2003,1293篇,2002,674篇,2001,366篇,2000,100篇,1999,5篇,,
2018,   信息科技 ,硕士文献,154504篇,博士文献,20015篇,全部文献,174519篇,被核心期刊引用,38250篇,被SCI刊引用,193篇,被EI刊引用,11638篇,被CSSCI刊引用,7404篇,被CSCD刊引用,34134篇,2018,657篇,2017,13257篇,2016,19528篇,2015,20444篇,2014,19991篇,2013,19466篇,2012,16187篇,2011,12342篇,2010,11339篇,2009,10092篇,2008,8764篇,2007,7851篇,2006,5861篇,2005,3562篇,2004,2347篇,2003,1288篇,2002,959篇,2001,390篇,2000,135篇,1999,25篇
2018,   经济与管理科学 ,硕士文献,150068篇,博士文献,21730篇,全部文献,171798篇,被核心期刊引用,31644篇,被SCI刊引用,4篇,被EI刊引用,2079篇,被CSSCI刊引用,25139篇,被CSCD刊引用,12198篇,2018,877篇,2017,14521篇,2016,21761篇,2015,20037篇,2014,19870篇,2013,16817篇,2012,16004篇,2011,12036篇,2010,10931篇,2009,8701篇,2008,8382篇,2007,7216篇,2006,5366篇,2005,3803篇,2004,2621篇,2003,1429篇,2002,826篇,2001,407篇,2000,172篇,1999,14篇
